city,population,population_year,population_date,source
Warszawa,1864035,2025,2025-06-30,GUS Ludnosc stan i struktura 2025 tabela11
Kraków,810590,2025,2025-06-30,GUS Ludnosc stan i struktura 2025 tabela11
Wrocław,672545,2025,2025-06-30,GUS Ludnosc stan i struktura 2025 tabela11
Łódź,642590,2025,2025-06-30,GUS Ludnosc stan i struktura 2025 tabela11
Poznań,534913,2025,2025-06-30,GUS Ludnosc stan i struktura 2025 tabela11
Gdańsk,489160,2025,2025-06-30,GUS Ludnosc stan i struktura 2025 tabela11
Szczecin,385158,2025,2025-06-30,GUS Ludnosc stan i struktura 2025 tabela11
Lublin,327384,2025,2025-06-30,GUS Ludnosc stan i struktura 2025 tabela11
Bydgoszcz,322464,2025,2025-06-30,GUS Ludnosc stan i struktura 2025 tabela11
Białystok,289685,2025,2025-06-30,GUS Ludnosc stan i struktura 2025 tabela11
Katowice,277884,2025,2025-06-30,GUS Ludnosc stan i struktura 2025 tabela11
Gdynia,239325,2025,2025-06-30,GUS Ludnosc stan i struktura 2025 tabela11
Częstochowa,202415,2025,2025-06-30,GUS Ludnosc stan i struktura 2025 tabela11
Rzeszów,198540,2025,2025-06-30,GUS Ludnosc stan i struktura 2025 tabela11
Toruń,193224,2025,2025-06-30,GUS Ludnosc stan i struktura 2025 tabela11
Radom,192838,2025,2025-06-30,GUS Ludnosc stan i struktura 2025 tabela11
Sosnowiec,183962,2025,2025-06-30,GUS Ludnosc stan i struktura 2025 tabela11
Kielce,179694,2025,2025-06-30,GUS Ludnosc stan i struktura 2025 tabela11
Gliwice,167568,2025,2025-06-30,GUS Ludnosc stan i struktura 2025 tabela11
Olsztyn,165855,2025,2025-06-30,GUS Ludnosc stan i struktura 2025 tabela11
Bielsko-Biała,163605,2025,2025-06-30,GUS Ludnosc stan i struktura 2025 tabela11
Zabrze,151542,2025,2025-06-30,GUS Ludnosc stan i struktura 2025 tabela11
Bytom,145346,2025,2025-06-30,GUS Ludnosc stan i struktura 2025 tabela11
Zielona Góra,138760,2025,2025-06-30,GUS Ludnosc stan i struktura 2025 tabela11
Rybnik,129307,2025,2025-06-30,GUS Ludnosc stan i struktura 2025 tabela11
Ruda Śląska,128138,2025,2025-06-30,GUS Ludnosc stan i struktura 2025 tabela11
Opole,125095,2025,2025-06-30,GUS Ludnosc stan i struktura 2025 tabela11
Tychy,120518,2025,2025-06-30,GUS Ludnosc stan i struktura 2025 tabela11
Gorzów Wielkopolski,114076,2025,2025-06-30,GUS Ludnosc stan i struktura 2025 tabela11
Dąbrowa Górnicza,111737,2025,2025-06-30,GUS Ludnosc stan i struktura 2025 tabela11
Elbląg,111580,2025,2025-06-30,GUS Ludnosc stan i struktura 2025 tabela11
Płock,109349,2025,2025-06-30,GUS Ludnosc stan i struktura 2025 tabela11
Koszalin,104872,2025,2025-06-30,GUS Ludnosc stan i struktura 2025 tabela11
Tarnów,101614,2025,2025-06-30,GUS Ludnosc stan i struktura 2025 tabela11
Chorzów,98897,2025,2025-06-30,GUS Ludnosc stan i struktura 2025 tabela11
Włocławek,98659,2025,2025-06-30,GUS Ludnosc stan i struktura 2025 tabela11
Wałbrzych,98150,2025,2025-06-30,GUS Ludnosc stan i struktura 2025 tabela11
Kalisz,91515,2025,2025-06-30,GUS Ludnosc stan i struktura 2025 tabela11
Legnica,90343,2025,2025-06-30,GUS Ludnosc stan i struktura 2025 tabela11
Grudziądz,87241,2025,2025-06-30,GUS Ludnosc stan i struktura 2025 tabela11
Jaworzno,85695,2025,2025-06-30,GUS Ludnosc stan i struktura 2025 tabela11
Słupsk,84409,2025,2025-06-30,GUS Ludnosc stan i struktura 2025 tabela11
Jastrzębie-Zdrój,80843,2025,2025-06-30,GUS Ludnosc stan i struktura 2025 tabela11
Nowy Sącz,79555,2025,2025-06-30,GUS Ludnosc stan i struktura 2025 tabela11
Siedlce,74504,2025,2025-06-30,GUS Ludnosc stan i struktura 2025 tabela11
Jelenia Góra,73849,2025,2025-06-30,GUS Ludnosc stan i struktura 2025 tabela11
Mysłowice,70468,2025,2025-06-30,GUS Ludnosc stan i struktura 2025 tabela11
Piła,69074,2025,2025-06-30,GUS Ludnosc stan i struktura 2025 tabela11
Ostrów Wielkopolski,68333,2025,2025-06-30,GUS Ludnosc stan i struktura 2025 tabela11
Suwałki,68067,2025,2025-06-30,GUS Ludnosc stan i struktura 2025 tabela11
Lubin,66422,2025,2025-06-30,GUS Ludnosc stan i struktura 2025 tabela11
Inowrocław,66060,2025,2025-06-30,GUS Ludnosc stan i struktura 2025 tabela11
Pruszków,65886,2025,2025-06-30,GUS Ludnosc stan i struktura 2025 tabela11
Stargard,65848,2025,2025-06-30,GUS Ludnosc stan i struktura 2025 tabela11
Piotrków Trybunalski,65676,2025,2025-06-30,GUS Ludnosc stan i struktura 2025 tabela11
Konin,65570,2025,2025-06-30,GUS Ludnosc stan i struktura 2025 tabela11
Siemianowice Śląskie,62571,2025,2025-06-30,GUS Ludnosc stan i struktura 2025 tabela11
Gniezno,62424,2025,2025-06-30,GUS Ludnosc stan i struktura 2025 tabela11
Żory,61887,2025,2025-06-30,GUS Ludnosc stan i struktura 2025 tabela11
Tarnowskie Góry,61149,2025,2025-06-30,GUS Ludnosc stan i struktura 2025 tabela11
Głogów,60893,2025,2025-06-30,GUS Ludnosc stan i struktura 2025 tabela11
Ostrowiec Świętokrzyski,60695,2025,2025-06-30,GUS Ludnosc stan i struktura 2025 tabela11
Pabianice,59598,2025,2025-06-30,GUS Ludnosc stan i struktura 2025 tabela11
Leszno,59143,2025,2025-06-30,GUS Ludnosc stan i struktura 2025 tabela11
Łomża,59129,2025,2025-06-30,GUS Ludnosc stan i struktura 2025 tabela11
Ełk,59127,2025,2025-06-30,GUS Ludnosc stan i struktura 2025 tabela11
Zamość,57185,2025,2025-06-30,GUS Ludnosc stan i struktura 2025 tabela11
Tomaszów Mazowiecki,56347,2025,2025-06-30,GUS Ludnosc stan i struktura 2025 tabela11
Mielec,56286,2025,2025-06-30,GUS Ludnosc stan i struktura 2025 tabela11
Tczew,56170,2025,2025-06-30,GUS Ludnosc stan i struktura 2025 tabela11
Chełm,55981,2025,2025-06-30,GUS Ludnosc stan i struktura 2025 tabela11
Przemyśl,54878,2025,2025-06-30,GUS Ludnosc stan i struktura 2025 tabela11
Rumia,53949,2025,2025-06-30,GUS Ludnosc stan i struktura 2025 tabela11
Stalowa Wola,53897,2025,2025-06-30,GUS Ludnosc stan i struktura 2025 tabela11
Biała Podlaska,53650,2025,2025-06-30,GUS Ludnosc stan i struktura 2025 tabela11
Kędzierzyn-Koźle,53473,2025,2025-06-30,GUS Ludnosc stan i struktura 2025 tabela11
Będzin,52858,2025,2025-06-30,GUS Ludnosc stan i struktura 2025 tabela11
Zgierz,52628,2025,2025-06-30,GUS Ludnosc stan i struktura 2025 tabela11
Legionowo,52034,2025,2025-06-30,GUS Ludnosc stan i struktura 2025 tabela11
Świdnica,51701,2025,2025-06-30,GUS Ludnosc stan i struktura 2025 tabela11
Piaseczno,51584,2025,2025-06-30,GUS Ludnosc stan i struktura 2025 tabela11
Bełchatów,51247,2025,2025-06-30,GUS Ludnosc stan i struktura 2025 tabela11
Piekary Śląskie,51193,2025,2025-06-30,GUS Ludnosc stan i struktura 2025 tabela11
Racibórz,48898,2025,2025-06-30,GUS Ludnosc stan i struktura 2025 tabela11
Ostrołęka,47443,2025,2025-06-30,GUS Ludnosc stan i struktura 2025 tabela11
Marki,46676,2025,2025-06-30,GUS Ludnosc stan i struktura 2025 tabela11
Ząbki,45654,2025,2025-06-30,GUS Ludnosc stan i struktura 2025 tabela11
Wejherowo,45308,2025,2025-06-30,GUS Ludnosc stan i struktura 2025 tabela11
Zawiercie,45242,2025,2025-06-30,GUS Ludnosc stan i struktura 2025 tabela11
Skierniewice,44958,2025,2025-06-30,GUS Ludnosc stan i struktura 2025 tabela11
Starogard Gdański,44870,2025,2025-06-30,GUS Ludnosc stan i struktura 2025 tabela11
Świętochłowice,44777,2025,2025-06-30,GUS Ludnosc stan i struktura 2025 tabela11
Wodzisław Śląski,44244,2025,2025-06-30,GUS Ludnosc stan i struktura 2025 tabela11
Starachowice,43516,2025,2025-06-30,GUS Ludnosc stan i struktura 2025 tabela11
Krosno,43454,2025,2025-06-30,GUS Ludnosc stan i struktura 2025 tabela11
Otwock,43320,2025,2025-06-30,GUS Ludnosc stan i struktura 2025 tabela11
Puławy,43235,2025,2025-06-30,GUS Ludnosc stan i struktura 2025 tabela11
Kołobrzeg,43225,2025,2025-06-30,GUS Ludnosc stan i struktura 2025 tabela11
Tarnobrzeg,42947,2025,2025-06-30,GUS Ludnosc stan i struktura 2025 tabela11
Dębica,42421,2025,2025-06-30,GUS Ludnosc stan i struktura 2025 tabela11
Radomsko,42133,2025,2025-06-30,GUS Ludnosc stan i struktura 2025 tabela11
Mikołów,41492,2025,2025-06-30,GUS Ludnosc stan i struktura 2025 tabela11
Ciechanów,41326,2025,2025-06-30,GUS Ludnosc stan i struktura 2025 tabela11
Skarżysko-Kamienna,40360,2025,2025-06-30,GUS Ludnosc stan i struktura 2025 tabela11
Kutno,40095,2025,2025-06-30,GUS Ludnosc stan i struktura 2025 tabela11
Nysa,40026,2025,2025-06-30,GUS Ludnosc stan i struktura 2025 tabela11
Mińsk Mazowiecki,39580,2025,2025-06-30,GUS Ludnosc stan i struktura 2025 tabela11
Świnoujście,38360,2025,2025-06-30,GUS Ludnosc stan i struktura 2025 tabela11
Żyrardów,38306,2025,2025-06-30,GUS Ludnosc stan i struktura 2025 tabela11
Chojnice,38225,2025,2025-06-30,GUS Ludnosc stan i struktura 2025 tabela11
Sieradz,38021,2025,2025-06-30,GUS Ludnosc stan i struktura 2025 tabela11
Zduńska Wola,37675,2025,2025-06-30,GUS Ludnosc stan i struktura 2025 tabela11
Szczecinek,37136,2025,2025-06-30,GUS Ludnosc stan i struktura 2025 tabela11
Bolesławiec,36663,2025,2025-06-30,GUS Ludnosc stan i struktura 2025 tabela11
Kwidzyn,36375,2025,2025-06-30,GUS Ludnosc stan i struktura 2025 tabela11
Malbork,36339,2025,2025-06-30,GUS Ludnosc stan i struktura 2025 tabela11
Świdnik,36318,2025,2025-06-30,GUS Ludnosc stan i struktura 2025 tabela11
Grodzisk Mazowieck,35365,2025,2025-06-30,GUS Ludnosc stan i struktura 2025 tabela11
Nowa Sól,35335,2025,2025-06-30,GUS Ludnosc stan i struktura 2025 tabela11
Wołomin,35217,2025,2025-06-30,GUS Ludnosc stan i struktura 2025 tabela11
Oświęcim,35121,2025,2025-06-30,GUS Ludnosc stan i struktura 2025 tabela11
Knurów,35072,2025,2025-06-30,GUS Ludnosc stan i struktura 2025 tabela11
Jarosław,34870,2025,2025-06-30,GUS Ludnosc stan i struktura 2025 tabela11
Oleśnica,34799,2025,2025-06-30,GUS Ludnosc stan i struktura 2025 tabela11
Czechowice-Dziedzi,34561,2025,2025-06-30,GUS Ludnosc stan i struktura 2025 tabela11
Żary,34137,2025,2025-06-30,GUS Ludnosc stan i struktura 2025 tabela11
Lębork,33687,2025,2025-06-30,GUS Ludnosc stan i struktura 2025 tabela11
Sanok,33677,2025,2025-06-30,GUS Ludnosc stan i struktura 2025 tabela11
Chrzanów,33349,2025,2025-06-30,GUS Ludnosc stan i struktura 2025 tabela11
Nowy Targ,33045,2025,2025-06-30,GUS Ludnosc stan i struktura 2025 tabela11
Oława,33029,2025,2025-06-30,GUS Ludnosc stan i struktura 2025 tabela11
Sochaczew,32941,2025,2025-06-30,GUS Ludnosc stan i struktura 2025 tabela11
Brzeg,32910,2025,2025-06-30,GUS Ludnosc stan i struktura 2025 tabela11
Luboń,32785,2025,2025-06-30,GUS Ludnosc stan i struktura 2025 tabela11
Cieszyn,32348,2025,2025-06-30,GUS Ludnosc stan i struktura 2025 tabela11
Pruszcz Gdański,32257,2025,2025-06-30,GUS Ludnosc stan i struktura 2025 tabela11
Jasło,32205,2025,2025-06-30,GUS Ludnosc stan i struktura 2025 tabela11
Iława,31909,2025,2025-06-30,GUS Ludnosc stan i struktura 2025 tabela11
Olkusz,31688,2025,2025-06-30,GUS Ludnosc stan i struktura 2025 tabela11
Września,31668,2025,2025-06-30,GUS Ludnosc stan i struktura 2025 tabela11
Sopot,31300,2025,2025-06-30,GUS Ludnosc stan i struktura 2025 tabela11
Ostróda,30864,2025,2025-06-30,GUS Ludnosc stan i struktura 2025 tabela11
Mława,30680,2025,2025-06-30,GUS Ludnosc stan i struktura 2025 tabela11
Kraśnik,30667,2025,2025-06-30,GUS Ludnosc stan i struktura 2025 tabela11
Dzierżoniów,30169,2025,2025-06-30,GUS Ludnosc stan i struktura 2025 tabela11
Czeladź,29430,2025,2025-06-30,GUS Ludnosc stan i struktura 2025 tabela11
Żywiec,29273,2025,2025-06-30,GUS Ludnosc stan i struktura 2025 tabela11
Police,29157,2025,2025-06-30,GUS Ludnosc stan i struktura 2025 tabela11
Reda,29017,2025,2025-06-30,GUS Ludnosc stan i struktura 2025 tabela11
Myszków,28803,2025,2025-06-30,GUS Ludnosc stan i struktura 2025 tabela11
Kobyłka,28700,2025,2025-06-30,GUS Ludnosc stan i struktura 2025 tabela11
Augustów,28611,2025,2025-06-30,GUS Ludnosc stan i struktura 2025 tabela11
Nowy Dwór Mazowiecki,28413,2025,2025-06-30,GUS Ludnosc stan i struktura 2025 tabela11
Wieliczka,28399,2025,2025-06-30,GUS Ludnosc stan i struktura 2025 tabela11
Bochnia,28271,2025,2025-06-30,GUS Ludnosc stan i struktura 2025 tabela11
Zgorzelec,28223,2025,2025-06-30,GUS Ludnosc stan i struktura 2025 tabela11
Krotoszyn,27914,2025,2025-06-30,GUS Ludnosc stan i struktura 2025 tabela11
Brodnica,27835,2025,2025-06-30,GUS Ludnosc stan i struktura 2025 tabela11
Swarzędz,27709,2025,2025-06-30,GUS Ludnosc stan i struktura 2025 tabela11
Bielawa,27554,2025,2025-06-30,GUS Ludnosc stan i struktura 2025 tabela11
Śrem,27289,2025,2025-06-30,GUS Ludnosc stan i struktura 2025 tabela11
Łuków,26765,2025,2025-06-30,GUS Ludnosc stan i struktura 2025 tabela11
Giżycko,26639,2025,2025-06-30,GUS Ludnosc stan i struktura 2025 tabela11
Jarocin,26260,2025,2025-06-30,GUS Ludnosc stan i struktura 2025 tabela11
Czerwionka-Leszczy,26113,2025,2025-06-30,GUS Ludnosc stan i struktura 2025 tabela11
Wyszków,25743,2025,2025-06-30,GUS Ludnosc stan i struktura 2025 tabela11
Łowicz,25429,2025,2025-06-30,GUS Ludnosc stan i struktura 2025 tabela11
Wągrowiec,25302,2025,2025-06-30,GUS Ludnosc stan i struktura 2025 tabela11
Zakopane,24988,2025,2025-06-30,GUS Ludnosc stan i struktura 2025 tabela11
Gorlice,24972,2025,2025-06-30,GUS Ludnosc stan i struktura 2025 tabela11
Kętrzyn,24626,2025,2025-06-30,GUS Ludnosc stan i struktura 2025 tabela11
Pszczyna,24621,2025,2025-06-30,GUS Ludnosc stan i struktura 2025 tabela11
Świecie,24609,2025,2025-06-30,GUS Ludnosc stan i struktura 2025 tabela11
Biłgoraj,24476,2025,2025-06-30,GUS Ludnosc stan i struktura 2025 tabela11
Kłodzko,24363,2025,2025-06-30,GUS Ludnosc stan i struktura 2025 tabela11
Środa Wielkopolska,24286,2025,2025-06-30,GUS Ludnosc stan i struktura 2025 tabela11
Turek,23979,2025,2025-06-30,GUS Ludnosc stan i struktura 2025 tabela11
Skawina,23813,2025,2025-06-30,GUS Ludnosc stan i struktura 2025 tabela11
Bielsk Podlaski,23406,2025,2025-06-30,GUS Ludnosc stan i struktura 2025 tabela11
Kościerzyna,23250,2025,2025-06-30,GUS Ludnosc stan i struktura 2025 tabela11
Wałcz,23117,2025,2025-06-30,GUS Ludnosc stan i struktura 2025 tabela11
Lubliniec,23077,2025,2025-06-30,GUS Ludnosc stan i struktura 2025 tabela11
Kościan,22989,2025,2025-06-30,GUS Ludnosc stan i struktura 2025 tabela11
Żagań,22976,2025,2025-06-30,GUS Ludnosc stan i struktura 2025 tabela11
Piastów,22671,2025,2025-06-30,GUS Ludnosc stan i struktura 2025 tabela11
Orzesze,22231,2025,2025-06-30,GUS Ludnosc stan i struktura 2025 tabela11
Białogard,22035,2025,2025-06-30,GUS Ludnosc stan i struktura 2025 tabela11
Aleksandrów Łódzki,21976,2025,2025-06-30,GUS Ludnosc stan i struktura 2025 tabela11
Sulejówek,21669,2025,2025-06-30,GUS Ludnosc stan i struktura 2025 tabela11
Świebodzice,21534,2025,2025-06-30,GUS Ludnosc stan i struktura 2025 tabela11
Kluczbork,21470,2025,2025-06-30,GUS Ludnosc stan i struktura 2025 tabela11
Szczytno,21423,2025,2025-06-30,GUS Ludnosc stan i struktura 2025 tabela11
Płońsk,21353,2025,2025-06-30,GUS Ludnosc stan i struktura 2025 tabela11
Ostrów Mazowiecka,21324,2025,2025-06-30,GUS Ludnosc stan i struktura 2025 tabela11
Goleniów,21286,2025,2025-06-30,GUS Ludnosc stan i struktura 2025 tabela11
Józefów,21175,2025,2025-06-30,GUS Ludnosc stan i struktura 2025 tabela11
Polkowice,20968,2025,2025-06-30,GUS Ludnosc stan i struktura 2025 tabela11
Bartoszyce,20919,2025,2025-06-30,GUS Ludnosc stan i struktura 2025 tabela11
Łaziska Górne,20883,2025,2025-06-30,GUS Ludnosc stan i struktura 2025 tabela11
Sandomierz,20834,2025,2025-06-30,GUS Ludnosc stan i struktura 2025 tabela11
Grajewo,20621,2025,2025-06-30,GUS Ludnosc stan i struktura 2025 tabela11
Zambrów,20580,2025,2025-06-30,GUS Ludnosc stan i struktura 2025 tabela11
Świebodzin,20565,2025,2025-06-30,GUS Ludnosc stan i struktura 2025 tabela11
Mrągowo,20158,2025,2025-06-30,GUS Ludnosc stan i struktura 2025 tabela11
Jawor,20134,2025,2025-06-30,GUS Ludnosc stan i struktura 2025 tabela11
Wieluń,19953,2025,2025-06-30,GUS Ludnosc stan i struktura 2025 tabela11
Nowa Ruda,19923,2025,2025-06-30,GUS Ludnosc stan i struktura 2025 tabela11
Rydułtowy,19889,2025,2025-06-30,GUS Ludnosc stan i struktura 2025 tabela11
Działdowo,19859,2025,2025-06-30,GUS Ludnosc stan i struktura 2025 tabela11
Gostyń,19588,2025,2025-06-30,GUS Ludnosc stan i struktura 2025 tabela11
Gryfino,19454,2025,2025-06-30,GUS Ludnosc stan i struktura 2025 tabela11
Lubartów,19445,2025,2025-06-30,GUS Ludnosc stan i struktura 2025 tabela11
Rawicz,19369,2025,2025-06-30,GUS Ludnosc stan i struktura 2025 tabela11
Konstantynów Łódzki,19279,2025,2025-06-30,GUS Ludnosc stan i struktura 2025 tabela11
Lubań,19135,2025,2025-06-30,GUS Ludnosc stan i struktura 2025 tabela11
Pułtusk,18943,2025,2025-06-30,GUS Ludnosc stan i struktura 2025 tabela11
Koło,18923,2025,2025-06-30,GUS Ludnosc stan i struktura 2025 tabela11
Bieruń,18676,2025,2025-06-30,GUS Ludnosc stan i struktura 2025 tabela11
Hajnówka,18560,2025,2025-06-30,GUS Ludnosc stan i struktura 2025 tabela11
Opoczno,18520,2025,2025-06-30,GUS Ludnosc stan i struktura 2025 tabela11
Prudnik,18496,2025,2025-06-30,GUS Ludnosc stan i struktura 2025 tabela11
Łomianki,18190,2025,2025-06-30,GUS Ludnosc stan i struktura 2025 tabela11
Trzebinia,18187,2025,2025-06-30,GUS Ludnosc stan i struktura 2025 tabela11
Sokołów Podlaski,18156,2025,2025-06-30,GUS Ludnosc stan i struktura 2025 tabela11
Zielonka,18031,2025,2025-06-30,GUS Ludnosc stan i struktura 2025 tabela11
Szamotuły,17994,2025,2025-06-30,GUS Ludnosc stan i struktura 2025 tabela11
Andrychów,17941,2025,2025-06-30,GUS Ludnosc stan i struktura 2025 tabela11
Złotów,17904,2025,2025-06-30,GUS Ludnosc stan i struktura 2025 tabela11
Łańcut,17776,2025,2025-06-30,GUS Ludnosc stan i struktura 2025 tabela11
Ozorków,17748,2025,2025-06-30,GUS Ludnosc stan i struktura 2025 tabela11
Chełmno,17721,2025,2025-06-30,GUS Ludnosc stan i struktura 2025 tabela11
Myślenice,17643,2025,2025-06-30,GUS Ludnosc stan i struktura 2025 tabela11
Kęty,17479,2025,2025-06-30,GUS Ludnosc stan i struktura 2025 tabela11
Niepołomice,17450,2025,2025-06-30,GUS Ludnosc stan i struktura 2025 tabela11
Tomaszów Lubelski,17435,2025,2025-06-30,GUS Ludnosc stan i struktura 2025 tabela11
Kostrzyn nad Odrą,17335,2025,2025-06-30,GUS Ludnosc stan i struktura 2025 tabela11
Łęczna,17290,2025,2025-06-30,GUS Ludnosc stan i struktura 2025 tabela11
Garwolin,17274,2025,2025-06-30,GUS Ludnosc stan i struktura 2025 tabela11
Pisz,17260,2025,2025-06-30,GUS Ludnosc stan i struktura 2025 tabela11
Pyskowice,17203,2025,2025-06-30,GUS Ludnosc stan i struktura 2025 tabela11
Końskie,17036,2025,2025-06-30,GUS Ludnosc stan i struktura 2025 tabela11
Oborniki,16994,2025,2025-06-30,GUS Ludnosc stan i struktura 2025 tabela11
Krasnystaw,16961,2025,2025-06-30,GUS Ludnosc stan i struktura 2025 tabela11
Chodzież,16915,2025,2025-06-30,GUS Ludnosc stan i struktura 2025 tabela11
Sokółka,16830,2025,2025-06-30,GUS Ludnosc stan i struktura 2025 tabela11
Wadowice,16825,2025,2025-06-30,GUS Ludnosc stan i struktura 2025 tabela11
Kamienna Góra,16742,2025,2025-06-30,GUS Ludnosc stan i struktura 2025 tabela11
Nakło nad Notecią,16738,2025,2025-06-30,GUS Ludnosc stan i struktura 2025 tabela11
Grójec,16720,2025,2025-06-30,GUS Ludnosc stan i struktura 2025 tabela11
Konstancin-Jeziorn,16719,2025,2025-06-30,GUS Ludnosc stan i struktura 2025 tabela11
Namysłów,16713,2025,2025-06-30,GUS Ludnosc stan i struktura 2025 tabela11
Radlin,16650,2025,2025-06-30,GUS Ludnosc stan i struktura 2025 tabela11
Strzelce Opolskie,16644,2025,2025-06-30,GUS Ludnosc stan i struktura 2025 tabela11
Sierpc,16640,2025,2025-06-30,GUS Ludnosc stan i struktura 2025 tabela11
Gostynin,16566,2025,2025-06-30,GUS Ludnosc stan i struktura 2025 tabela11
Międzyrzecz,16478,2025,2025-06-30,GUS Ludnosc stan i struktura 2025 tabela11
Pleszew,16387,2025,2025-06-30,GUS Ludnosc stan i struktura 2025 tabela11
Milanówek,16300,2025,2025-06-30,GUS Ludnosc stan i struktura 2025 tabela11
Trzcianka,16280,2025,2025-06-30,GUS Ludnosc stan i struktura 2025 tabela11
Lędziny,16221,2025,2025-06-30,GUS Ludnosc stan i struktura 2025 tabela11
Ożarów Mazowiecki,16209,2025,2025-06-30,GUS Ludnosc stan i struktura 2025 tabela11
Przasnysz,16105,2025,2025-06-30,GUS Ludnosc stan i struktura 2025 tabela11
Bytów,16089,2025,2025-06-30,GUS Ludnosc stan i struktura 2025 tabela11
Słubice,16040,2025,2025-06-30,GUS Ludnosc stan i struktura 2025 tabela11
Radzionków,15946,2025,2025-06-30,GUS Ludnosc stan i struktura 2025 tabela11
Ropczyce,15863,2025,2025-06-30,GUS Ludnosc stan i struktura 2025 tabela11
Ustroń,15809,2025,2025-06-30,GUS Ludnosc stan i struktura 2025 tabela11
Brzesko,15759,2025,2025-06-30,GUS Ludnosc stan i struktura 2025 tabela11
Bogatynia,15746,2025,2025-06-30,GUS Ludnosc stan i struktura 2025 tabela11
Łask,15728,2025,2025-06-30,GUS Ludnosc stan i struktura 2025 tabela11
Braniewo,15725,2025,2025-06-30,GUS Ludnosc stan i struktura 2025 tabela11
Libiąż,15719,2025,2025-06-30,GUS Ludnosc stan i struktura 2025 tabela11
Pionki,15680,2025,2025-06-30,GUS Ludnosc stan i struktura 2025 tabela11
Rawa Mazowiecka,15646,2025,2025-06-30,GUS Ludnosc stan i struktura 2025 tabela11
Radzymin,15605,2025,2025-06-30,GUS Ludnosc stan i struktura 2025 tabela11
Hrubieszów,15588,2025,2025-06-30,GUS Ludnosc stan i struktura 2025 tabela11
Olecko,15517,2025,2025-06-30,GUS Ludnosc stan i struktura 2025 tabela11
Nowogard,15479,2025,2025-06-30,GUS Ludnosc stan i struktura 2025 tabela11
Gubin,15297,2025,2025-06-30,GUS Ludnosc stan i struktura 2025 tabela11
Sulechów,15260,2025,2025-06-30,GUS Ludnosc stan i struktura 2025 tabela11
Gryfice,15165,2025,2025-06-30,GUS Ludnosc stan i struktura 2025 tabela11
Rypin,15155,2025,2025-06-30,GUS Ludnosc stan i struktura 2025 tabela11
Międzyrzec Podlaski,15146,2025,2025-06-30,GUS Ludnosc stan i struktura 2025 tabela11
Kozienice,15138,2025,2025-06-30,GUS Ludnosc stan i struktura 2025 tabela11
Grodzisk Wielkopol,15109,2025,2025-06-30,GUS Ludnosc stan i struktura 2025 tabela11
Krapkowice,15080,2025,2025-06-30,GUS Ludnosc stan i struktura 2025 tabela11
Solec Kujawski,15066,2025,2025-06-30,GUS Ludnosc stan i struktura 2025 tabela11
Jelcz-Laskowice,14817,2025,2025-06-30,GUS Ludnosc stan i struktura 2025 tabela11
Strzegom,14706,2025,2025-06-30,GUS Ludnosc stan i struktura 2025 tabela11
Brwinów,14664,2025,2025-06-30,GUS Ludnosc stan i struktura 2025 tabela11
Mosina,14495,2025,2025-06-30,GUS Ludnosc stan i struktura 2025 tabela11
Przeworsk,14354,2025,2025-06-30,GUS Ludnosc stan i struktura 2025 tabela11
Świdwin,14333,2025,2025-06-30,GUS Ludnosc stan i struktura 2025 tabela11
Limanowa,14293,2025,2025-06-30,GUS Ludnosc stan i struktura 2025 tabela11
Nisko,14220,2025,2025-06-30,GUS Ludnosc stan i struktura 2025 tabela11
Lidzbark Warmiński,14205,2025,2025-06-30,GUS Ludnosc stan i struktura 2025 tabela11
Łapy,14196,2025,2025-06-30,GUS Ludnosc stan i struktura 2025 tabela11
Busko-Zdrój,14019,2025,2025-06-30,GUS Ludnosc stan i struktura 2025 tabela11
Boguszów-Gorce,14008,2025,2025-06-30,GUS Ludnosc stan i struktura 2025 tabela11
Radzyń Podlaski,13949,2025,2025-06-30,GUS Ludnosc stan i struktura 2025 tabela11
Ząbkowice Śląskie,13924,2025,2025-06-30,GUS Ludnosc stan i struktura 2025 tabela11
Złotoryja,13863,2025,2025-06-30,GUS Ludnosc stan i struktura 2025 tabela11
Dęblin,13769,2025,2025-06-30,GUS Ludnosc stan i struktura 2025 tabela11
Jędrzejów,13742,2025,2025-06-30,GUS Ludnosc stan i struktura 2025 tabela11
Choszczno,13700,2025,2025-06-30,GUS Ludnosc stan i struktura 2025 tabela11
Trzebnica,13579,2025,2025-06-30,GUS Ludnosc stan i struktura 2025 tabela11
Kartuzy,13540,2025,2025-06-30,GUS Ludnosc stan i struktura 2025 tabela11
Chełmża,13462,2025,2025-06-30,GUS Ludnosc stan i struktura 2025 tabela11
Ostrzeszów,13392,2025,2025-06-30,GUS Ludnosc stan i struktura 2025 tabela11
Nowy Tomyśl,13363,2025,2025-06-30,GUS Ludnosc stan i struktura 2025 tabela11
Kępno,13350,2025,2025-06-30,GUS Ludnosc stan i struktura 2025 tabela11
Ustka,13310,2025,2025-06-30,GUS Ludnosc stan i struktura 2025 tabela11
Staszów,13278,2025,2025-06-30,GUS Ludnosc stan i struktura 2025 tabela11
Siemiatycze,13221,2025,2025-06-30,GUS Ludnosc stan i struktura 2025 tabela11
Lipno,13206,2025,2025-06-30,GUS Ludnosc stan i struktura 2025 tabela11
Skoczów,13108,2025,2025-06-30,GUS Ludnosc stan i struktura 2025 tabela11
Gołdap,13018,2025,2025-06-30,GUS Ludnosc stan i struktura 2025 tabela11
Wasilków,12894,2025,2025-06-30,GUS Ludnosc stan i struktura 2025 tabela11
Głowno,12889,2025,2025-06-30,GUS Ludnosc stan i struktura 2025 tabela11
Człuchów,12821,2025,2025-06-30,GUS Ludnosc stan i struktura 2025 tabela11
Pszów,12807,2025,2025-06-30,GUS Ludnosc stan i struktura 2025 tabela11
Tuchola,12789,2025,2025-06-30,GUS Ludnosc stan i struktura 2025 tabela11
Łęczyca,12760,2025,2025-06-30,GUS Ludnosc stan i struktura 2025 tabela11
Wschowa,12758,2025,2025-06-30,GUS Ludnosc stan i struktura 2025 tabela11
Żnin,12724,2025,2025-06-30,GUS Ludnosc stan i struktura 2025 tabela11
Słupca,12715,2025,2025-06-30,GUS Ludnosc stan i struktura 2025 tabela11
Barlinek,12714,2025,2025-06-30,GUS Ludnosc stan i struktura 2025 tabela11
Dębno,12709,2025,2025-06-30,GUS Ludnosc stan i struktura 2025 tabela11
Wąbrzeźno,12657,2025,2025-06-30,GUS Ludnosc stan i struktura 2025 tabela11
Lubsko,12630,2025,2025-06-30,GUS Ludnosc stan i struktura 2025 tabela11
Leżajsk,12478,2025,2025-06-30,GUS Ludnosc stan i struktura 2025 tabela11
Morąg,12442,2025,2025-06-30,GUS Ludnosc stan i struktura 2025 tabela11
Sędziszów Małopols,12423,2025,2025-06-30,GUS Ludnosc stan i struktura 2025 tabela11
Głuchołazy,12353,2025,2025-06-30,GUS Ludnosc stan i struktura 2025 tabela11
Nidzica,12334,2025,2025-06-30,GUS Ludnosc stan i struktura 2025 tabela11
Góra Kalwaria,12294,2025,2025-06-30,GUS Ludnosc stan i struktura 2025 tabela11
Brzeg Dolny,12293,2025,2025-06-30,GUS Ludnosc stan i struktura 2025 tabela11
Darłowo,12283,2025,2025-06-30,GUS Ludnosc stan i struktura 2025 tabela11
Błonie,12177,2025,2025-06-30,GUS Ludnosc stan i struktura 2025 tabela11
Chojnów,12141,2025,2025-06-30,GUS Ludnosc stan i struktura 2025 tabela11
Rabka-Zdrój,12088,2025,2025-06-30,GUS Ludnosc stan i struktura 2025 tabela11
Kłobuck,12080,2025,2025-06-30,GUS Ludnosc stan i struktura 2025 tabela11
Wołów,11895,2025,2025-06-30,GUS Ludnosc stan i struktura 2025 tabela11
Koluszki,11882,2025,2025-06-30,GUS Ludnosc stan i struktura 2025 tabela11
Warka,11864,2025,2025-06-30,GUS Ludnosc stan i struktura 2025 tabela11
Włodawa,11857,2025,2025-06-30,GUS Ludnosc stan i struktura 2025 tabela11
Złocieniec,11834,2025,2025-06-30,GUS Ludnosc stan i struktura 2025 tabela11
Brzeziny,11822,2025,2025-06-30,GUS Ludnosc stan i struktura 2025 tabela11
Strzelin,11799,2025,2025-06-30,GUS Ludnosc stan i struktura 2025 tabela11
Wolsztyn,11681,2025,2025-06-30,GUS Ludnosc stan i struktura 2025 tabela11
Węgrów,11662,2025,2025-06-30,GUS Ludnosc stan i struktura 2025 tabela11
Pyrzyce,11622,2025,2025-06-30,GUS Ludnosc stan i struktura 2025 tabela11
Pasłęk,11540,2025,2025-06-30,GUS Ludnosc stan i struktura 2025 tabela11
Sławno,11537,2025,2025-06-30,GUS Ludnosc stan i struktura 2025 tabela11
Siechnice,11537,2025,2025-06-30,GUS Ludnosc stan i struktura 2025 tabela11
Głubczyce,11376,2025,2025-06-30,GUS Ludnosc stan i struktura 2025 tabela11
Aleksandrów Kujawski,11362,2025,2025-06-30,GUS Ludnosc stan i struktura 2025 tabela11
Dąbrowa Tarnowska,11356,2025,2025-06-30,GUS Ludnosc stan i struktura 2025 tabela11
Lubaczów,11203,2025,2025-06-30,GUS Ludnosc stan i struktura 2025 tabela11
Drawsko Pomorskie,11110,2025,2025-06-30,GUS Ludnosc stan i struktura 2025 tabela11
Golub-Dobrzyń,11038,2025,2025-06-30,GUS Ludnosc stan i struktura 2025 tabela11
Głogów Małopolski,11015,2025,2025-06-30,GUS Ludnosc stan i struktura 2025 tabela11
Miechów,10814,2025,2025-06-30,GUS Ludnosc stan i struktura 2025 tabela11
Mogilno,10766,2025,2025-06-30,GUS Ludnosc stan i struktura 2025 tabela11
Rogoźno,10687,2025,2025-06-30,GUS Ludnosc stan i struktura 2025 tabela11
Janów Lubelski,10665,2025,2025-06-30,GUS Ludnosc stan i struktura 2025 tabela11
Lubawa,10644,2025,2025-06-30,GUS Ludnosc stan i struktura 2025 tabela11
Milicz,10557,2025,2025-06-30,GUS Ludnosc stan i struktura 2025 tabela11
Koronowo,10544,2025,2025-06-30,GUS Ludnosc stan i struktura 2025 tabela11
Góra,10523,2025,2025-06-30,GUS Ludnosc stan i struktura 2025 tabela11
Brzeszcze,10458,2025,2025-06-30,GUS Ludnosc stan i struktura 2025 tabela11
Wisła,10446,2025,2025-06-30,GUS Ludnosc stan i struktura 2025 tabela11
Węgorzewo,10431,2025,2025-06-30,GUS Ludnosc stan i struktura 2025 tabela11
Wronki,10328,2025,2025-06-30,GUS Ludnosc stan i struktura 2025 tabela11
Szydłowiec,10325,2025,2025-06-30,GUS Ludnosc stan i struktura 2025 tabela11
Szprotawa,10296,2025,2025-06-30,GUS Ludnosc stan i struktura 2025 tabela11
Puck,10289,2025,2025-06-30,GUS Ludnosc stan i struktura 2025 tabela11
Murowana Goślina,10275,2025,2025-06-30,GUS Ludnosc stan i struktura 2025 tabela11
Myślibórz,10248,2025,2025-06-30,GUS Ludnosc stan i struktura 2025 tabela11
Krosno Odrzańskie,10246,2025,2025-06-30,GUS Ludnosc stan i struktura 2025 tabela11
Nowa Dęba,10173,2025,2025-06-30,GUS Ludnosc stan i struktura 2025 tabela11
Parczew,10054,2025,2025-06-30,GUS Ludnosc stan i struktura 2025 tabela11
Ciechocinek,9995,2025,2025-06-30,GUS Ludnosc stan i struktura 2025 tabela11
Zdzieszowice,9984,2025,2025-06-30,GUS Ludnosc stan i struktura 2025 tabela11
Nowe Miasto Lubawskie,9950,2025,2025-06-30,GUS Ludnosc stan i struktura 2025 tabela11
Pobiedziska,9918,2025,2025-06-30,GUS Ludnosc stan i struktura 2025 tabela11
Syców,9859,2025,2025-06-30,GUS Ludnosc stan i struktura 2025 tabela11
Kostrzyn,9849,2025,2025-06-30,GUS Ludnosc stan i struktura 2025 tabela11
Międzychód,9835,2025,2025-06-30,GUS Ludnosc stan i struktura 2025 tabela11
Biskupiec,9793,2025,2025-06-30,GUS Ludnosc stan i struktura 2025 tabela11
Krzeszowice,9750,2025,2025-06-30,GUS Ludnosc stan i struktura 2025 tabela11
Czersk,9729,2025,2025-06-30,GUS Ludnosc stan i struktura 2025 tabela11
Kolno,9707,2025,2025-06-30,GUS Ludnosc stan i struktura 2025 tabela11
Czarnków,9703,2025,2025-06-30,GUS Ludnosc stan i struktura 2025 tabela11
Sulęcin,9582,2025,2025-06-30,GUS Ludnosc stan i struktura 2025 tabela11
Strzelce Krajeński,9560,2025,2025-06-30,GUS Ludnosc stan i struktura 2025 tabela11
Środa Śląska,9496,2025,2025-06-30,GUS Ludnosc stan i struktura 2025 tabela11
Pińczów,9492,2025,2025-06-30,GUS Ludnosc stan i struktura 2025 tabela11
Kowary,9439,2025,2025-06-30,GUS Ludnosc stan i struktura 2025 tabela11
Imielin,9432,2025,2025-06-30,GUS Ludnosc stan i struktura 2025 tabela11
Łobez,9403,2025,2025-06-30,GUS Ludnosc stan i struktura 2025 tabela11
Krynica-Zdrój,9377,2025,2025-06-30,GUS Ludnosc stan i struktura 2025 tabela11
Włoszczowa,9352,2025,2025-06-30,GUS Ludnosc stan i struktura 2025 tabela11
Nowy Dwór Gdański,9335,2025,2025-06-30,GUS Ludnosc stan i struktura 2025 tabela11
Szubin,9323,2025,2025-06-30,GUS Ludnosc stan i struktura 2025 tabela11
Drezdenko,9296,2025,2025-06-30,GUS Ludnosc stan i struktura 2025 tabela11
Mońki,9290,2025,2025-06-30,GUS Ludnosc stan i struktura 2025 tabela11
Trzebiatów,9227,2025,2025-06-30,GUS Ludnosc stan i struktura 2025 tabela11
Puszczykowo,9198,2025,2025-06-30,GUS Ludnosc stan i struktura 2025 tabela11
Opalenica,9188,2025,2025-06-30,GUS Ludnosc stan i struktura 2025 tabela11
Bukowno,9182,2025,2025-06-30,GUS Ludnosc stan i struktura 2025 tabela11
Dobre Miasto,9171,2025,2025-06-30,GUS Ludnosc stan i struktura 2025 tabela11
Miastko,9120,2025,2025-06-30,GUS Ludnosc stan i struktura 2025 tabela11
Karczew,9120,2025,2025-06-30,GUS Ludnosc stan i struktura 2025 tabela11
Kudowa-Zdrój,9104,2025,2025-06-30,GUS Ludnosc stan i struktura 2025 tabela11
Władysławowo,9037,2025,2025-06-30,GUS Ludnosc stan i struktura 2025 tabela11
Olesno,8940,2025,2025-06-30,GUS Ludnosc stan i struktura 2025 tabela11
Kruszwica,8940,2025,2025-06-30,GUS Ludnosc stan i struktura 2025 tabela11
Blachownia,8938,2025,2025-06-30,GUS Ludnosc stan i struktura 2025 tabela11
Wysokie Mazowieckie,8938,2025,2025-06-30,GUS Ludnosc stan i struktura 2025 tabela11
Skwierzyna,8922,2025,2025-06-30,GUS Ludnosc stan i struktura 2025 tabela11
Oborniki Śląskie,8872,2025,2025-06-30,GUS Ludnosc stan i struktura 2025 tabela11
Ryki,8823,2025,2025-06-30,GUS Ludnosc stan i struktura 2025 tabela11
Sztum,8781,2025,2025-06-30,GUS Ludnosc stan i struktura 2025 tabela11
Kożuchów,8759,2025,2025-06-30,GUS Ludnosc stan i struktura 2025 tabela11
Maków Mazowiecki,8731,2025,2025-06-30,GUS Ludnosc stan i struktura 2025 tabela11
Bystrzyca Kłodzka,8724,2025,2025-06-30,GUS Ludnosc stan i struktura 2025 tabela11
Sucha Beskidzka,8711,2025,2025-06-30,GUS Ludnosc stan i struktura 2025 tabela11
Sępólno Krajeńskie,8609,2025,2025-06-30,GUS Ludnosc stan i struktura 2025 tabela11
Stary Sącz,8580,2025,2025-06-30,GUS Ludnosc stan i struktura 2025 tabela11
Czarna Białostocka,8446,2025,2025-06-30,GUS Ludnosc stan i struktura 2025 tabela11
Żuromin,8353,2025,2025-06-30,GUS Ludnosc stan i struktura 2025 tabela11
Kolbuszowa,8351,2025,2025-06-30,GUS Ludnosc stan i struktura 2025 tabela11
Wojkowice,8333,2025,2025-06-30,GUS Ludnosc stan i struktura 2025 tabela11
Strzyżów,8296,2025,2025-06-30,GUS Ludnosc stan i struktura 2025 tabela11
Chełmek,8219,2025,2025-06-30,GUS Ludnosc stan i struktura 2025 tabela11
Ustrzyki Dolne,8204,2025,2025-06-30,GUS Ludnosc stan i struktura 2025 tabela11
Wieruszów,8195,2025,2025-06-30,GUS Ludnosc stan i struktura 2025 tabela11
Jastrowie,8166,2025,2025-06-30,GUS Ludnosc stan i struktura 2025 tabela11
Kórnik,8104,2025,2025-06-30,GUS Ludnosc stan i struktura 2025 tabela11
Kamień Pomorski,8090,2025,2025-06-30,GUS Ludnosc stan i struktura 2025 tabela11
Tłuszcz,8055,2025,2025-06-30,GUS Ludnosc stan i struktura 2025 tabela11
Kalety,8052,2025,2025-06-30,GUS Ludnosc stan i struktura 2025 tabela11
Poniatowa,8050,2025,2025-06-30,GUS Ludnosc stan i struktura 2025 tabela11
Pniewy,8015,2025,2025-06-30,GUS Ludnosc stan i struktura 2025 tabela11
Janikowo,8011,2025,2025-06-30,GUS Ludnosc stan i struktura 2025 tabela11
Poręba,7981,2025,2025-06-30,GUS Ludnosc stan i struktura 2025 tabela11
Prabuty,7953,2025,2025-06-30,GUS Ludnosc stan i struktura 2025 tabela11
Wolbrom,7946,2025,2025-06-30,GUS Ludnosc stan i struktura 2025 tabela11
Lwówek Śląski,7938,2025,2025-06-30,GUS Ludnosc stan i struktura 2025 tabela11
Orneta,7835,2025,2025-06-30,GUS Ludnosc stan i struktura 2025 tabela11
Mszana Dolna,7808,2025,2025-06-30,GUS Ludnosc stan i struktura 2025 tabela11
Ziębice,7795,2025,2025-06-30,GUS Ludnosc stan i struktura 2025 tabela11
Grodków,7723,2025,2025-06-30,GUS Ludnosc stan i struktura 2025 tabela11
Ozimek,7717,2025,2025-06-30,GUS Ludnosc stan i struktura 2025 tabela11
Opole Lubelskie,7675,2025,2025-06-30,GUS Ludnosc stan i struktura 2025 tabela11
Witkowo,7355,2025,2025-06-30,GUS Ludnosc stan i struktura 2025 tabela11
Żychlin,7335,2025,2025-06-30,GUS Ludnosc stan i struktura 2025 tabela11
Chojna,7318,2025,2025-06-30,GUS Ludnosc stan i struktura 2025 tabela11
Barczewo,7310,2025,2025-06-30,GUS Ludnosc stan i struktura 2025 tabela11
Suchedniów,7307,2025,2025-06-30,GUS Ludnosc stan i struktura 2025 tabela11
Nasielsk,7295,2025,2025-06-30,GUS Ludnosc stan i struktura 2025 tabela11
Połaniec,7286,2025,2025-06-30,GUS Ludnosc stan i struktura 2025 tabela11
Chocianów,7227,2025,2025-06-30,GUS Ludnosc stan i struktura 2025 tabela11
Trzemeszno,7181,2025,2025-06-30,GUS Ludnosc stan i struktura 2025 tabela11
Brzozów,7153,2025,2025-06-30,GUS Ludnosc stan i struktura 2025 tabela11
Olsztynek,7149,2025,2025-06-30,GUS Ludnosc stan i struktura 2025 tabela11
Tuszyn,7119,2025,2025-06-30,GUS Ludnosc stan i struktura 2025 tabela11
Sobótka,7112,2025,2025-06-30,GUS Ludnosc stan i struktura 2025 tabela11
Połczyn-Zdrój,7096,2025,2025-06-30,GUS Ludnosc stan i struktura 2025 tabela11
Kąty Wrocławskie,7083,2025,2025-06-30,GUS Ludnosc stan i struktura 2025 tabela11
Lidzbark,7069,2025,2025-06-30,GUS Ludnosc stan i struktura 2025 tabela11
Pelplin,7045,2025,2025-06-30,GUS Ludnosc stan i struktura 2025 tabela11
Zwoleń,7001,2025,2025-06-30,GUS Ludnosc stan i struktura 2025 tabela11
Zbąszyń,6964,2025,2025-06-30,GUS Ludnosc stan i struktura 2025 tabela11
Praszka,6921,2025,2025-06-30,GUS Ludnosc stan i struktura 2025 tabela11
Zelów,6892,2025,2025-06-30,GUS Ludnosc stan i struktura 2025 tabela11
Miasteczko Śląskie,6854,2025,2025-06-30,GUS Ludnosc stan i struktura 2025 tabela11
Barcin,6785,2025,2025-06-30,GUS Ludnosc stan i struktura 2025 tabela11
Sławków,6768,2025,2025-06-30,GUS Ludnosc stan i struktura 2025 tabela11
Łosice,6742,2025,2025-06-30,GUS Ludnosc stan i struktura 2025 tabela11
Pieszyce,6725,2025,2025-06-30,GUS Ludnosc stan i struktura 2025 tabela11
Żukowo,6718,2025,2025-06-30,GUS Ludnosc stan i struktura 2025 tabela11
Sianów,6670,2025,2025-06-30,GUS Ludnosc stan i struktura 2025 tabela11
Poddębice,6613,2025,2025-06-30,GUS Ludnosc stan i struktura 2025 tabela11
Gniewkowo,6583,2025,2025-06-30,GUS Ludnosc stan i struktura 2025 tabela11
Czaplinek,6562,2025,2025-06-30,GUS Ludnosc stan i struktura 2025 tabela11
Skarszewy,6523,2025,2025-06-30,GUS Ludnosc stan i struktura 2025 tabela11
Łochów,6519,2025,2025-06-30,GUS Ludnosc stan i struktura 2025 tabela11
Sułkowice,6517,2025,2025-06-30,GUS Ludnosc stan i struktura 2025 tabela11
Paczków,6492,2025,2025-06-30,GUS Ludnosc stan i struktura 2025 tabela11
Gogolin,6428,2025,2025-06-30,GUS Ludnosc stan i struktura 2025 tabela11
Białobrzegi,6347,2025,2025-06-30,GUS Ludnosc stan i struktura 2025 tabela11
Witnica,6339,2025,2025-06-30,GUS Ludnosc stan i struktura 2025 tabela11
Boguchwała,6315,2025,2025-06-30,GUS Ludnosc stan i struktura 2025 tabela11
Rzepin,6304,2025,2025-06-30,GUS Ludnosc stan i struktura 2025 tabela11
Żarów,6304,2025,2025-06-30,GUS Ludnosc stan i struktura 2025 tabela11
Rudnik nad Sanem,6281,2025,2025-06-30,GUS Ludnosc stan i struktura 2025 tabela11
Łazy,6260,2025,2025-06-30,GUS Ludnosc stan i struktura 2025 tabela11
Zawadzkie,6251,2025,2025-06-30,GUS Ludnosc stan i struktura 2025 tabela11
Pajęczno,6241,2025,2025-06-30,GUS Ludnosc stan i struktura 2025 tabela11
Choroszcz,6240,2025,2025-06-30,GUS Ludnosc stan i struktura 2025 tabela11
Żmigród,6181,2025,2025-06-30,GUS Ludnosc stan i struktura 2025 tabela11
Dobczyce,6109,2025,2025-06-30,GUS Ludnosc stan i struktura 2025 tabela11
Tuchów,6106,2025,2025-06-30,GUS Ludnosc stan i struktura 2025 tabela11
Twardogóra,6094,2025,2025-06-30,GUS Ludnosc stan i struktura 2025 tabela11
Otmuchów,6058,2025,2025-06-30,GUS Ludnosc stan i struktura 2025 tabela11
Sędziszów,6044,2025,2025-06-30,GUS Ludnosc stan i struktura 2025 tabela11
Koźmin Wielkopolsk,6029,2025,2025-06-30,GUS Ludnosc stan i struktura 2025 tabela11
Gryfów Śląski,6020,2025,2025-06-30,GUS Ludnosc stan i struktura 2025 tabela11
Mszczonów,5989,2025,2025-06-30,GUS Ludnosc stan i struktura 2025 tabela11
Gniew,5974,2025,2025-06-30,GUS Ludnosc stan i struktura 2025 tabela11
Dynów,5941,2025,2025-06-30,GUS Ludnosc stan i struktura 2025 tabela11
Grybów,5877,2025,2025-06-30,GUS Ludnosc stan i struktura 2025 tabela11
Sulejów,5860,2025,2025-06-30,GUS Ludnosc stan i struktura 2025 tabela11
Stęszew,5828,2025,2025-06-30,GUS Ludnosc stan i struktura 2025 tabela11
Piława Górna,5817,2025,2025-06-30,GUS Ludnosc stan i struktura 2025 tabela11
Głuszyca,5789,2025,2025-06-30,GUS Ludnosc stan i struktura 2025 tabela11
Siewierz,5783,2025,2025-06-30,GUS Ludnosc stan i struktura 2025 tabela11
Krzyż Wielkopolski,5776,2025,2025-06-30,GUS Ludnosc stan i struktura 2025 tabela11
Opatów,5769,2025,2025-06-30,GUS Ludnosc stan i struktura 2025 tabela11
Bełżyce,5763,2025,2025-06-30,GUS Ludnosc stan i struktura 2025 tabela11
Polanica-Zdrój,5755,2025,2025-06-30,GUS Ludnosc stan i struktura 2025 tabela11
Kłodawa,5746,2025,2025-06-30,GUS Ludnosc stan i struktura 2025 tabela11
Sieraków,5739,2025,2025-06-30,GUS Ludnosc stan i struktura 2025 tabela11
Proszowice,5701,2025,2025-06-30,GUS Ludnosc stan i struktura 2025 tabela11
Niemodlin,5671,2025,2025-06-30,GUS Ludnosc stan i struktura 2025 tabela11
Piechowice,5636,2025,2025-06-30,GUS Ludnosc stan i struktura 2025 tabela11
Śmigiel,5577,2025,2025-06-30,GUS Ludnosc stan i struktura 2025 tabela11
Więcbork,5559,2025,2025-06-30,GUS Ludnosc stan i struktura 2025 tabela11
Szklarska Poręba,5546,2025,2025-06-30,GUS Ludnosc stan i struktura 2025 tabela11
Czarne,5500,2025,2025-06-30,GUS Ludnosc stan i struktura 2025 tabela11
Lewin Brzeski,5489,2025,2025-06-30,GUS Ludnosc stan i struktura 2025 tabela11
Wieleń,5485,2025,2025-06-30,GUS Ludnosc stan i struktura 2025 tabela11
Przemków,5465,2025,2025-06-30,GUS Ludnosc stan i struktura 2025 tabela11
Maków Podhalański,5460,2025,2025-06-30,GUS Ludnosc stan i struktura 2025 tabela11
Buk,5443,2025,2025-06-30,GUS Ludnosc stan i struktura 2025 tabela11
Serock,5441,2025,2025-06-30,GUS Ludnosc stan i struktura 2025 tabela11
Jedlicze,5429,2025,2025-06-30,GUS Ludnosc stan i struktura 2025 tabela11
Lubawka,5427,2025,2025-06-30,GUS Ludnosc stan i struktura 2025 tabela11
Karlino,5415,2025,2025-06-30,GUS Ludnosc stan i struktura 2025 tabela11
Głogówek,5386,2025,2025-06-30,GUS Ludnosc stan i struktura 2025 tabela11
Jordanów,5377,2025,2025-06-30,GUS Ludnosc stan i struktura 2025 tabela11
Pieńsk,5373,2025,2025-06-30,GUS Ludnosc stan i struktura 2025 tabela11
Kietrz,5365,2025,2025-06-30,GUS Ludnosc stan i struktura 2025 tabela11
Nowe,5346,2025,2025-06-30,GUS Ludnosc stan i struktura 2025 tabela11
Piwniczna-Zdrój,5301,2025,2025-06-30,GUS Ludnosc stan i struktura 2025 tabela11
Wołczyn,5235,2025,2025-06-30,GUS Ludnosc stan i struktura 2025 tabela11
Koniecpol,5230,2025,2025-06-30,GUS Ludnosc stan i struktura 2025 tabela11
Nowa Sarzyna,5223,2025,2025-06-30,GUS Ludnosc stan i struktura 2025 tabela11
Ścinawa,5204,2025,2025-06-30,GUS Ludnosc stan i struktura 2025 tabela11
Orzysz,5185,2025,2025-06-30,GUS Ludnosc stan i struktura 2025 tabela11
Susz,5163,2025,2025-06-30,GUS Ludnosc stan i struktura 2025 tabela11
Szczawnica,5162,2025,2025-06-30,GUS Ludnosc stan i struktura 2025 tabela11
Przysucha,5143,2025,2025-06-30,GUS Ludnosc stan i struktura 2025 tabela11
Strzelno,5139,2025,2025-06-30,GUS Ludnosc stan i struktura 2025 tabela11
Szczyrk,5138,2025,2025-06-30,GUS Ludnosc stan i struktura 2025 tabela11
Działoszyn,5128,2025,2025-06-30,GUS Ludnosc stan i struktura 2025 tabela11
Szczawno-Zdrój,5121,2025,2025-06-30,GUS Ludnosc stan i struktura 2025 tabela11
Pakość,5058,2025,2025-06-30,GUS Ludnosc stan i struktura 2025 tabela11
Wyrzysk,5053,2025,2025-06-30,GUS Ludnosc stan i struktura 2025 tabela11
Czempiń,5038,2025,2025-06-30,GUS Ludnosc stan i struktura 2025 tabela11
Terespol,5036,2025,2025-06-30,GUS Ludnosc stan i struktura 2025 tabela11
Brusy,5032,2025,2025-06-30,GUS Ludnosc stan i struktura 2025 tabela11
Lesko,5022,2025,2025-06-30,GUS Ludnosc stan i struktura 2025 tabela11
Jaworzyna Śląska,5001,2025,2025-06-30,GUS Ludnosc stan i struktura 2025 tabela11
Kobylnica,4998,2025,2025-06-30,GUS Ludnosc stan i struktura 2025 tabela11
Stąporków,4982,2025,2025-06-30,GUS Ludnosc stan i struktura 2025 tabela11
Radziejów,4954,2025,2025-06-30,GUS Ludnosc stan i struktura 2025 tabela11
Pilzno,4950,2025,2025-06-30,GUS Ludnosc stan i struktura 2025 tabela11
Kazimierza Wielka,4938,2025,2025-06-30,GUS Ludnosc stan i struktura 2025 tabela11
Dąbrowa Białostock,4924,2025,2025-06-30,GUS Ludnosc stan i struktura 2025 tabela11
Odolanów,4903,2025,2025-06-30,GUS Ludnosc stan i struktura 2025 tabela11
Lipsko,4870,2025,2025-06-30,GUS Ludnosc stan i struktura 2025 tabela11
Zagórz,4844,2025,2025-06-30,GUS Ludnosc stan i struktura 2025 tabela11
Stronie Śląskie,4843,2025,2025-06-30,GUS Ludnosc stan i struktura 2025 tabela11
Radymno,4841,2025,2025-06-30,GUS Ludnosc stan i struktura 2025 tabela11
Skoki,4828,2025,2025-06-30,GUS Ludnosc stan i struktura 2025 tabela11
Lądek-Zdrój,4827,2025,2025-06-30,GUS Ludnosc stan i struktura 2025 tabela11
Zbąszynek,4816,2025,2025-06-30,GUS Ludnosc stan i struktura 2025 tabela11
Międzyzdroje,4796,2025,2025-06-30,GUS Ludnosc stan i struktura 2025 tabela11
Dzierzgoń,4781,2025,2025-06-30,GUS Ludnosc stan i struktura 2025 tabela11
Debrzno,4774,2025,2025-06-30,GUS Ludnosc stan i struktura 2025 tabela11
Borne Sulinowo,4772,2025,2025-06-30,GUS Ludnosc stan i struktura 2025 tabela11
Sejny,4771,2025,2025-06-30,GUS Ludnosc stan i struktura 2025 tabela11
Szczytna,4734,2025,2025-06-30,GUS Ludnosc stan i struktura 2025 tabela11
Tyczyn,4680,2025,2025-06-30,GUS Ludnosc stan i struktura 2025 tabela11
Budzyń,4653,2025,2025-06-30,GUS Ludnosc stan i struktura 2025 tabela11
Szczebrzeszyn,4647,2025,2025-06-30,GUS Ludnosc stan i struktura 2025 tabela11
Nowogród Bobrzańsk,4636,2025,2025-06-30,GUS Ludnosc stan i struktura 2025 tabela11
Wolin,4575,2025,2025-06-30,GUS Ludnosc stan i struktura 2025 tabela11
Bolków,4568,2025,2025-06-30,GUS Ludnosc stan i struktura 2025 tabela11
Kuźnia Raciborska,4554,2025,2025-06-30,GUS Ludnosc stan i struktura 2025 tabela11
Krobia,4554,2025,2025-06-30,GUS Ludnosc stan i struktura 2025 tabela11
Jedlina-Zdrój,4551,2025,2025-06-30,GUS Ludnosc stan i struktura 2025 tabela11
Nowe Skalmierzyce,4524,2025,2025-06-30,GUS Ludnosc stan i struktura 2025 tabela11
Brześć Kujawski,4523,2025,2025-06-30,GUS Ludnosc stan i struktura 2025 tabela11
Skaryszew,4444,2025,2025-06-30,GUS Ludnosc stan i struktura 2025 tabela11
Łaskarzew,4421,2025,2025-06-30,GUS Ludnosc stan i struktura 2025 tabela11
Pilawa,4419,2025,2025-06-30,GUS Ludnosc stan i struktura 2025 tabela11
Muszyna,4416,2025,2025-06-30,GUS Ludnosc stan i struktura 2025 tabela11
Sokołów Małopolski,4400,2025,2025-06-30,GUS Ludnosc stan i struktura 2025 tabela11
Bierutów,4399,2025,2025-06-30,GUS Ludnosc stan i struktura 2025 tabela11
Bychawa,4388,2025,2025-06-30,GUS Ludnosc stan i struktura 2025 tabela11
Tarczyn,4369,2025,2025-06-30,GUS Ludnosc stan i struktura 2025 tabela11
Ciechanowiec,4307,2025,2025-06-30,GUS Ludnosc stan i struktura 2025 tabela11
Żarki,4295,2025,2025-06-30,GUS Ludnosc stan i struktura 2025 tabela11
Chęciny,4282,2025,2025-06-30,GUS Ludnosc stan i struktura 2025 tabela11
Supraśl,4275,2025,2025-06-30,GUS Ludnosc stan i struktura 2025 tabela11
Kamieniec Ząbkowic,4273,2025,2025-06-30,GUS Ludnosc stan i struktura 2025 tabela11
Olszyna,4267,2025,2025-06-30,GUS Ludnosc stan i struktura 2025 tabela11
Łabiszyn,4258,2025,2025-06-30,GUS Ludnosc stan i struktura 2025 tabela11
Kalwaria Zebrzydow,4247,2025,2025-06-30,GUS Ludnosc stan i struktura 2025 tabela11
Biecz,4237,2025,2025-06-30,GUS Ludnosc stan i struktura 2025 tabela11
Zduny,4236,2025,2025-06-30,GUS Ludnosc stan i struktura 2025 tabela11
Golina,4218,2025,2025-06-30,GUS Ludnosc stan i struktura 2025 tabela11
Kcynia,4162,2025,2025-06-30,GUS Ludnosc stan i struktura 2025 tabela11
Słomniki,4144,2025,2025-06-30,GUS Ludnosc stan i struktura 2025 tabela11
Iłża,4138,2025,2025-06-30,GUS Ludnosc stan i struktura 2025 tabela11
Piotrków Kujawski,4122,2025,2025-06-30,GUS Ludnosc stan i struktura 2025 tabela11
Karpacz,4113,2025,2025-06-30,GUS Ludnosc stan i struktura 2025 tabela11
Ożarów,4083,2025,2025-06-30,GUS Ludnosc stan i struktura 2025 tabela11
Gąbin,4082,2025,2025-06-30,GUS Ludnosc stan i struktura 2025 tabela11
Żabno,4079,2025,2025-06-30,GUS Ludnosc stan i struktura 2025 tabela11
Woźniki,4076,2025,2025-06-30,GUS Ludnosc stan i struktura 2025 tabela11
Krzepice,4058,2025,2025-06-30,GUS Ludnosc stan i struktura 2025 tabela11
Nowogrodziec,4047,2025,2025-06-30,GUS Ludnosc stan i struktura 2025 tabela11
Szczucin,4045,2025,2025-06-30,GUS Ludnosc stan i struktura 2025 tabela11
Sława,4043,2025,2025-06-30,GUS Ludnosc stan i struktura 2025 tabela11
Mrocza,4040,2025,2025-06-30,GUS Ludnosc stan i struktura 2025 tabela11
Kowalewo Pomorskie,4013,2025,2025-06-30,GUS Ludnosc stan i struktura 2025 tabela11
Kalisz Pomorski,3996,2025,2025-06-30,GUS Ludnosc stan i struktura 2025 tabela11
Ruciane-Nida,3984,2025,2025-06-30,GUS Ludnosc stan i struktura 2025 tabela11
Jedlnia-Letnisko,3963,2025,2025-06-30,GUS Ludnosc stan i struktura 2025 tabela11
Jasień,3955,2025,2025-06-30,GUS Ludnosc stan i struktura 2025 tabela11
Rejowiec Fabryczny,3935,2025,2025-06-30,GUS Ludnosc stan i struktura 2025 tabela11
Reszel,3925,2025,2025-06-30,GUS Ludnosc stan i struktura 2025 tabela11
Krośniewice,3906,2025,2025-06-30,GUS Ludnosc stan i struktura 2025 tabela11
Leśna,3898,2025,2025-06-30,GUS Ludnosc stan i struktura 2025 tabela11
Nowy Staw,3894,2025,2025-06-30,GUS Ludnosc stan i struktura 2025 tabela11
Raciąż,3878,2025,2025-06-30,GUS Ludnosc stan i struktura 2025 tabela11
Świeradów-Zdrój,3874,2025,2025-06-30,GUS Ludnosc stan i struktura 2025 tabela11
Szamocin,3870,2025,2025-06-30,GUS Ludnosc stan i struktura 2025 tabela11
Nekla,3860,2025,2025-06-30,GUS Ludnosc stan i struktura 2025 tabela11
Duszniki-Zdrój,3859,2025,2025-06-30,GUS Ludnosc stan i struktura 2025 tabela11
Bytom Odrzański,3854,2025,2025-06-30,GUS Ludnosc stan i struktura 2025 tabela11
Ośno Lubuskie,3850,2025,2025-06-30,GUS Ludnosc stan i struktura 2025 tabela11
Korsze,3848,2025,2025-06-30,GUS Ludnosc stan i struktura 2025 tabela11
Skała,3832,2025,2025-06-30,GUS Ludnosc stan i struktura 2025 tabela11
Kleczew,3814,2025,2025-06-30,GUS Ludnosc stan i struktura 2025 tabela11
Ogrodzieniec,3801,2025,2025-06-30,GUS Ludnosc stan i struktura 2025 tabela11
Kargowa,3793,2025,2025-06-30,GUS Ludnosc stan i struktura 2025 tabela11
Resko,3792,2025,2025-06-30,GUS Ludnosc stan i struktura 2025 tabela11
Babimost,3753,2025,2025-06-30,GUS Ludnosc stan i struktura 2025 tabela11
Podkowa Leśna,3734,2025,2025-06-30,GUS Ludnosc stan i struktura 2025 tabela11
Zawidów,3715,2025,2025-06-30,GUS Ludnosc stan i struktura 2025 tabela11
Lipiany,3714,2025,2025-06-30,GUS Ludnosc stan i struktura 2025 tabela11
Czerwieńsk,3686,2025,2025-06-30,GUS Ludnosc stan i struktura 2025 tabela11
Halinów,3675,2025,2025-06-30,GUS Ludnosc stan i struktura 2025 tabela11
Płoty,3649,2025,2025-06-30,GUS Ludnosc stan i struktura 2025 tabela11
Mieroszów,3648,2025,2025-06-30,GUS Ludnosc stan i struktura 2025 tabela11
Rakoniewice,3632,2025,2025-06-30,GUS Ludnosc stan i struktura 2025 tabela11
Czarny Dunajec,3630,2025,2025-06-30,GUS Ludnosc stan i struktura 2025 tabela11
Żelechów,3625,2025,2025-06-30,GUS Ludnosc stan i struktura 2025 tabela11
Biała Piska,3624,2025,2025-06-30,GUS Ludnosc stan i struktura 2025 tabela11
Bobolice,3623,2025,2025-06-30,GUS Ludnosc stan i struktura 2025 tabela11
Pruchnik,3611,2025,2025-06-30,GUS Ludnosc stan i struktura 2025 tabela11
Mrozy,3606,2025,2025-06-30,GUS Ludnosc stan i struktura 2025 tabela11
Jabłonowo Pomorski,3598,2025,2025-06-30,GUS Ludnosc stan i struktura 2025 tabela11
Janowiec Wielkopol,3592,2025,2025-06-30,GUS Ludnosc stan i struktura 2025 tabela11
Tułowice,3576,2025,2025-06-30,GUS Ludnosc stan i struktura 2025 tabela11
Nałęczów,3557,2025,2025-06-30,GUS Ludnosc stan i struktura 2025 tabela11
Zator,3555,2025,2025-06-30,GUS Ludnosc stan i struktura 2025 tabela11
Okonek,3536,2025,2025-06-30,GUS Ludnosc stan i struktura 2025 tabela11
Górowo Iławeckie,3532,2025,2025-06-30,GUS Ludnosc stan i struktura 2025 tabela11
Mirsk,3524,2025,2025-06-30,GUS Ludnosc stan i struktura 2025 tabela11
Iłowa,3520,2025,2025-06-30,GUS Ludnosc stan i struktura 2025 tabela11
Strumień,3509,2025,2025-06-30,GUS Ludnosc stan i struktura 2025 tabela11
Rymanów,3475,2025,2025-06-30,GUS Ludnosc stan i struktura 2025 tabela11
Radomyśl Wielki,3469,2025,2025-06-30,GUS Ludnosc stan i struktura 2025 tabela11
Toszek,3466,2025,2025-06-30,GUS Ludnosc stan i struktura 2025 tabela11
Opatówek,3461,2025,2025-06-30,GUS Ludnosc stan i struktura 2025 tabela11
Brańsk,3459,2025,2025-06-30,GUS Ludnosc stan i struktura 2025 tabela11
Prochowice,3448,2025,2025-06-30,GUS Ludnosc stan i struktura 2025 tabela11
Rzgów,3447,2025,2025-06-30,GUS Ludnosc stan i struktura 2025 tabela11
Drzewica,3434,2025,2025-06-30,GUS Ludnosc stan i struktura 2025 tabela11
Skórcz,3426,2025,2025-06-30,GUS Ludnosc stan i struktura 2025 tabela11
Krajenka,3417,2025,2025-06-30,GUS Ludnosc stan i struktura 2025 tabela11
Dobrodzień,3414,2025,2025-06-30,GUS Ludnosc stan i struktura 2025 tabela11
Nowe Miasto nad Pi,3397,2025,2025-06-30,GUS Ludnosc stan i struktura 2025 tabela11
Małomice,3392,2025,2025-06-30,GUS Ludnosc stan i struktura 2025 tabela11
Złoczew,3375,2025,2025-06-30,GUS Ludnosc stan i struktura 2025 tabela11
Miłosław,3364,2025,2025-06-30,GUS Ludnosc stan i struktura 2025 tabela11
Barwice,3362,2025,2025-06-30,GUS Ludnosc stan i struktura 2025 tabela11
Skępe,3361,2025,2025-06-30,GUS Ludnosc stan i struktura 2025 tabela11
Wojcieszów,3361,2025,2025-06-30,GUS Ludnosc stan i struktura 2025 tabela11
Chmielnik,3320,2025,2025-06-30,GUS Ludnosc stan i struktura 2025 tabela11
Mieszkowice,3312,2025,2025-06-30,GUS Ludnosc stan i struktura 2025 tabela11
Stryków,3309,2025,2025-06-30,GUS Ludnosc stan i struktura 2025 tabela11
Sompolno,3300,2025,2025-06-30,GUS Ludnosc stan i struktura 2025 tabela11
Małogoszcz,3290,2025,2025-06-30,GUS Ludnosc stan i struktura 2025 tabela11
Maszewo,3289,2025,2025-06-30,GUS Ludnosc stan i struktura 2025 tabela11
Byczyna,3279,2025,2025-06-30,GUS Ludnosc stan i struktura 2025 tabela11
Ujście,3277,2025,2025-06-30,GUS Ludnosc stan i struktura 2025 tabela11
Szczekociny,3276,2025,2025-06-30,GUS Ludnosc stan i struktura 2025 tabela11
Kowal,3240,2025,2025-06-30,GUS Ludnosc stan i struktura 2025 tabela11
Mikołajki,3233,2025,2025-06-30,GUS Ludnosc stan i struktura 2025 tabela11
Kępice,3206,2025,2025-06-30,GUS Ludnosc stan i struktura 2025 tabela11
Kazimierz Dolny,3191,2025,2025-06-30,GUS Ludnosc stan i struktura 2025 tabela11
Kolonowskie,3186,2025,2025-06-30,GUS Ludnosc stan i struktura 2025 tabela11
Alwernia,3177,2025,2025-06-30,GUS Ludnosc stan i struktura 2025 tabela11
Kobylin,3176,2025,2025-06-30,GUS Ludnosc stan i struktura 2025 tabela11
Wilamowice,3161,2025,2025-06-30,GUS Ludnosc stan i struktura 2025 tabela11
Myszyniec,3154,2025,2025-06-30,GUS Ludnosc stan i struktura 2025 tabela11
Gołańcz,3128,2025,2025-06-30,GUS Ludnosc stan i struktura 2025 tabela11
Wojnicz,3115,2025,2025-06-30,GUS Ludnosc stan i struktura 2025 tabela11
Zakroczym,3097,2025,2025-06-30,GUS Ludnosc stan i struktura 2025 tabela11
Przedbórz,3076,2025,2025-06-30,GUS Ludnosc stan i struktura 2025 tabela11
Tarnogród,3065,2025,2025-06-30,GUS Ludnosc stan i struktura 2025 tabela11
Szczuczyn,3055,2025,2025-06-30,GUS Ludnosc stan i struktura 2025 tabela11
Bobowa,3051,2025,2025-06-30,GUS Ludnosc stan i struktura 2025 tabela11
Ślesin,3051,2025,2025-06-30,GUS Ludnosc stan i struktura 2025 tabela11
Miejska Górka,3026,2025,2025-06-30,GUS Ludnosc stan i struktura 2025 tabela11
Łeba,2996,2025,2025-06-30,GUS Ludnosc stan i struktura 2025 tabela11
Dobiegniew,2986,2025,2025-06-30,GUS Ludnosc stan i struktura 2025 tabela11
Łasin,2982,2025,2025-06-30,GUS Ludnosc stan i struktura 2025 tabela11
Piekoszów,2972,2025,2025-06-30,GUS Ludnosc stan i struktura 2025 tabela11
Uniejów,2967,2025,2025-06-30,GUS Ludnosc stan i struktura 2025 tabela11
Tuliszków,2962,2025,2025-06-30,GUS Ludnosc stan i struktura 2025 tabela11
Wielbark,2952,2025,2025-06-30,GUS Ludnosc stan i struktura 2025 tabela11
Mirosławiec,2948,2025,2025-06-30,GUS Ludnosc stan i struktura 2025 tabela11
Książ Wielkopolski,2934,2025,2025-06-30,GUS Ludnosc stan i struktura 2025 tabela11
Margonin,2933,2025,2025-06-30,GUS Ludnosc stan i struktura 2025 tabela11
Chociwel,2922,2025,2025-06-30,GUS Ludnosc stan i struktura 2025 tabela11
Krasnobród,2917,2025,2025-06-30,GUS Ludnosc stan i struktura 2025 tabela11
Biała Rawska,2903,2025,2025-06-30,GUS Ludnosc stan i struktura 2025 tabela11
Poniec,2898,2025,2025-06-30,GUS Ludnosc stan i struktura 2025 tabela11
Pyzdry,2893,2025,2025-06-30,GUS Ludnosc stan i struktura 2025 tabela11
Lwówek,2892,2025,2025-06-30,GUS Ludnosc stan i struktura 2025 tabela11
Dobrzyca,2892,2025,2025-06-30,GUS Ludnosc stan i struktura 2025 tabela11
Rydzyna,2887,2025,2025-06-30,GUS Ludnosc stan i struktura 2025 tabela11
Jeziorany,2887,2025,2025-06-30,GUS Ludnosc stan i struktura 2025 tabela11
Chorzele,2870,2025,2025-06-30,GUS Ludnosc stan i struktura 2025 tabela11
Warta,2854,2025,2025-06-30,GUS Ludnosc stan i struktura 2025 tabela11
Kańczuga,2852,2025,2025-06-30,GUS Ludnosc stan i struktura 2025 tabela11
Kock,2825,2025,2025-06-30,GUS Ludnosc stan i struktura 2025 tabela11
Pruszcz,2812,2025,2025-06-30,GUS Ludnosc stan i struktura 2025 tabela11
Gościno,2798,2025,2025-06-30,GUS Ludnosc stan i struktura 2025 tabela11
Polanów,2776,2025,2025-06-30,GUS Ludnosc stan i struktura 2025 tabela11
Bojanowo,2775,2025,2025-06-30,GUS Ludnosc stan i struktura 2025 tabela11
Oleszyce,2760,2025,2025-06-30,GUS Ludnosc stan i struktura 2025 tabela11
Kaczory,2754,2025,2025-06-30,GUS Ludnosc stan i struktura 2025 tabela11
Glinojeck,2739,2025,2025-06-30,GUS Ludnosc stan i struktura 2025 tabela11
Radoszyce,2736,2025,2025-06-30,GUS Ludnosc stan i struktura 2025 tabela11
Łobżenica,2734,2025,2025-06-30,GUS Ludnosc stan i struktura 2025 tabela11
Ćmielów,2733,2025,2025-06-30,GUS Ludnosc stan i struktura 2025 tabela11
Zaklików,2725,2025,2025-06-30,GUS Ludnosc stan i struktura 2025 tabela11
Nowy Wiśnicz,2717,2025,2025-06-30,GUS Ludnosc stan i struktura 2025 tabela11
Zwierzyniec,2717,2025,2025-06-30,GUS Ludnosc stan i struktura 2025 tabela11
Daleszyce,2712,2025,2025-06-30,GUS Ludnosc stan i struktura 2025 tabela11
Sulmierzyce,2698,2025,2025-06-30,GUS Ludnosc stan i struktura 2025 tabela11
Michałowo,2696,2025,2025-06-30,GUS Ludnosc stan i struktura 2025 tabela11
Radłów,2692,2025,2025-06-30,GUS Ludnosc stan i struktura 2025 tabela11
Baborów,2691,2025,2025-06-30,GUS Ludnosc stan i struktura 2025 tabela11
Zagórów,2688,2025,2025-06-30,GUS Ludnosc stan i struktura 2025 tabela11
Hel,2687,2025,2025-06-30,GUS Ludnosc stan i struktura 2025 tabela11
Mielno,2677,2025,2025-06-30,GUS Ludnosc stan i struktura 2025 tabela11
Kunów,2669,2025,2025-06-30,GUS Ludnosc stan i struktura 2025 tabela11
Kałuszyn,2665,2025,2025-06-30,GUS Ludnosc stan i struktura 2025 tabela11
Gozdnica,2661,2025,2025-06-30,GUS Ludnosc stan i struktura 2025 tabela11
Brzostek,2659,2025,2025-06-30,GUS Ludnosc stan i struktura 2025 tabela11
Czarna Woda,2634,2025,2025-06-30,GUS Ludnosc stan i struktura 2025 tabela11
Niemcza,2634,2025,2025-06-30,GUS Ludnosc stan i struktura 2025 tabela11
Cybinka,2633,2025,2025-06-30,GUS Ludnosc stan i struktura 2025 tabela11
Ryglice,2632,2025,2025-06-30,GUS Ludnosc stan i struktura 2025 tabela11
Węgliniec,2618,2025,2025-06-30,GUS Ludnosc stan i struktura 2025 tabela11
Knyszyn,2617,2025,2025-06-30,GUS Ludnosc stan i struktura 2025 tabela11
Kurów,2612,2025,2025-06-30,GUS Ludnosc stan i struktura 2025 tabela11
Ryn,2611,2025,2025-06-30,GUS Ludnosc stan i struktura 2025 tabela11
Recz,2604,2025,2025-06-30,GUS Ludnosc stan i struktura 2025 tabela11
Nowe Miasteczko,2598,2025,2025-06-30,GUS Ludnosc stan i struktura 2025 tabela11
Drobin,2597,2025,2025-06-30,GUS Ludnosc stan i struktura 2025 tabela11
Kamieńsk,2590,2025,2025-06-30,GUS Ludnosc stan i struktura 2025 tabela11
Węgorzyno,2574,2025,2025-06-30,GUS Ludnosc stan i struktura 2025 tabela11
Lubraniec,2571,2025,2025-06-30,GUS Ludnosc stan i struktura 2025 tabela11
Różan,2561,2025,2025-06-30,GUS Ludnosc stan i struktura 2025 tabela11
Jastarnia,2556,2025,2025-06-30,GUS Ludnosc stan i struktura 2025 tabela11
Prószków,2548,2025,2025-06-30,GUS Ludnosc stan i struktura 2025 tabela11
Czerniejewo,2532,2025,2025-06-30,GUS Ludnosc stan i struktura 2025 tabela11
Leśnica,2517,2025,2025-06-30,GUS Ludnosc stan i struktura 2025 tabela11
Zabłudów,2508,2025,2025-06-30,GUS Ludnosc stan i struktura 2025 tabela11
Wąsosz,2506,2025,2025-06-30,GUS Ludnosc stan i struktura 2025 tabela11
Stepnica,2482,2025,2025-06-30,GUS Ludnosc stan i struktura 2025 tabela11
Ciężkowice,2482,2025,2025-06-30,GUS Ludnosc stan i struktura 2025 tabela11
Kłecko,2471,2025,2025-06-30,GUS Ludnosc stan i struktura 2025 tabela11
Wysoka,2468,2025,2025-06-30,GUS Ludnosc stan i struktura 2025 tabela11
Golczewo,2468,2025,2025-06-30,GUS Ludnosc stan i struktura 2025 tabela11
Czyżew,2451,2025,2025-06-30,GUS Ludnosc stan i struktura 2025 tabela11
Zaniemyśl,2432,2025,2025-06-30,GUS Ludnosc stan i struktura 2025 tabela11
Osieczna,2427,2025,2025-06-30,GUS Ludnosc stan i struktura 2025 tabela11
Miłomłyn,2421,2025,2025-06-30,GUS Ludnosc stan i struktura 2025 tabela11
Gorzów Śląski,2416,2025,2025-06-30,GUS Ludnosc stan i struktura 2025 tabela11
Pełczyce,2416,2025,2025-06-30,GUS Ludnosc stan i struktura 2025 tabela11
Borek Wielkopolski,2412,2025,2025-06-30,GUS Ludnosc stan i struktura 2025 tabela11
Piaski,2407,2025,2025-06-30,GUS Ludnosc stan i struktura 2025 tabela11
Mieścisko,2397,2025,2025-06-30,GUS Ludnosc stan i struktura 2025 tabela11
Wąchock,2391,2025,2025-06-30,GUS Ludnosc stan i struktura 2025 tabela11
Obrzycko,2390,2025,2025-06-30,GUS Ludnosc stan i struktura 2025 tabela11
Świątniki Górne,2390,2025,2025-06-30,GUS Ludnosc stan i struktura 2025 tabela11
Izbica Kujawska,2379,2025,2025-06-30,GUS Ludnosc stan i struktura 2025 tabela11
Miłakowo,2377,2025,2025-06-30,GUS Ludnosc stan i struktura 2025 tabela11
Koziegłowy,2371,2025,2025-06-30,GUS Ludnosc stan i struktura 2025 tabela11
Pasym,2370,2025,2025-06-30,GUS Ludnosc stan i struktura 2025 tabela11
Złoty Stok,2370,2025,2025-06-30,GUS Ludnosc stan i struktura 2025 tabela11
Tolkmicko,2362,2025,2025-06-30,GUS Ludnosc stan i struktura 2025 tabela11
Torzym,2361,2025,2025-06-30,GUS Ludnosc stan i struktura 2025 tabela11
Cegłów,2356,2025,2025-06-30,GUS Ludnosc stan i struktura 2025 tabela11
Rychwał,2348,2025,2025-06-30,GUS Ludnosc stan i struktura 2025 tabela11
Międzylesie,2334,2025,2025-06-30,GUS Ludnosc stan i struktura 2025 tabela11
Pieniężno,2333,2025,2025-06-30,GUS Ludnosc stan i struktura 2025 tabela11
Koprzywnica,2332,2025,2025-06-30,GUS Ludnosc stan i struktura 2025 tabela11
Wyszogród,2330,2025,2025-06-30,GUS Ludnosc stan i struktura 2025 tabela11
Kamień Krajeński,2316,2025,2025-06-30,GUS Ludnosc stan i struktura 2025 tabela11
Stoczek Łukowski,2306,2025,2025-06-30,GUS Ludnosc stan i struktura 2025 tabela11
Tychowo,2303,2025,2025-06-30,GUS Ludnosc stan i struktura 2025 tabela11
Międzybórz,2286,2025,2025-06-30,GUS Ludnosc stan i struktura 2025 tabela11
Siennica,2284,2025,2025-06-30,GUS Ludnosc stan i struktura 2025 tabela11
Dziwnów,2267,2025,2025-06-30,GUS Ludnosc stan i struktura 2025 tabela11
Annopol,2266,2025,2025-06-30,GUS Ludnosc stan i struktura 2025 tabela11
Bardo,2256,2025,2025-06-30,GUS Ludnosc stan i struktura 2025 tabela11
Czchów,2243,2025,2025-06-30,GUS Ludnosc stan i struktura 2025 tabela11
Wiązów,2227,2025,2025-06-30,GUS Ludnosc stan i struktura 2025 tabela11
Miękinia,2225,2025,2025-06-30,GUS Ludnosc stan i struktura 2025 tabela11
Wolbórz,2223,2025,2025-06-30,GUS Ludnosc stan i struktura 2025 tabela11
Biała,2213,2025,2025-06-30,GUS Ludnosc stan i struktura 2025 tabela11
Trzciel,2205,2025,2025-06-30,GUS Ludnosc stan i struktura 2025 tabela11
Radków,2188,2025,2025-06-30,GUS Ludnosc stan i struktura 2025 tabela11
Łęknica,2180,2025,2025-06-30,GUS Ludnosc stan i struktura 2025 tabela11
Lututów,2156,2025,2025-06-30,GUS Ludnosc stan i struktura 2025 tabela11
Drawno,2128,2025,2025-06-30,GUS Ludnosc stan i struktura 2025 tabela11
Dobrzany,2124,2025,2025-06-30,GUS Ludnosc stan i struktura 2025 tabela11
Trzcińsko-Zdrój,2123,2025,2025-06-30,GUS Ludnosc stan i struktura 2025 tabela11
Bisztynek,2103,2025,2025-06-30,GUS Ludnosc stan i struktura 2025 tabela11
Mogielnica,2102,2025,2025-06-30,GUS Ludnosc stan i struktura 2025 tabela11
Prusice,2102,2025,2025-06-30,GUS Ludnosc stan i struktura 2025 tabela11
Człopa,2097,2025,2025-06-30,GUS Ludnosc stan i struktura 2025 tabela11
Krynki,2088,2025,2025-06-30,GUS Ludnosc stan i struktura 2025 tabela11
Lubycza Królewska,2077,2025,2025-06-30,GUS Ludnosc stan i struktura 2025 tabela11
Biały Bór,2070,2025,2025-06-30,GUS Ludnosc stan i struktura 2025 tabela11
Nowogród,2067,2025,2025-06-30,GUS Ludnosc stan i struktura 2025 tabela11
Żerków,2066,2025,2025-06-30,GUS Ludnosc stan i struktura 2025 tabela11
Piszczac,2064,2025,2025-06-30,GUS Ludnosc stan i struktura 2025 tabela11
Raszków,2061,2025,2025-06-30,GUS Ludnosc stan i struktura 2025 tabela11
Błażowa,2054,2025,2025-06-30,GUS Ludnosc stan i struktura 2025 tabela11
Bodzentyn,2053,2025,2025-06-30,GUS Ludnosc stan i struktura 2025 tabela11
Rejowiec,2042,2025,2025-06-30,GUS Ludnosc stan i struktura 2025 tabela11
Pogorzela,2036,2025,2025-06-30,GUS Ludnosc stan i struktura 2025 tabela11
Lipsk,2019,2025,2025-06-30,GUS Ludnosc stan i struktura 2025 tabela11
Kikół,2002,2025,2025-06-30,GUS Ludnosc stan i struktura 2025 tabela11
Dobra,1986,2025,2025-06-30,GUS Ludnosc stan i struktura 2025 tabela11
Suchowola,1983,2025,2025-06-30,GUS Ludnosc stan i struktura 2025 tabela11
Stawiski,1977,2025,2025-06-30,GUS Ludnosc stan i struktura 2025 tabela11
Zalewo,1977,2025,2025-06-30,GUS Ludnosc stan i struktura 2025 tabela11
Lubniewice,1976,2025,2025-06-30,GUS Ludnosc stan i struktura 2025 tabela11
Sośnicowice,1976,2025,2025-06-30,GUS Ludnosc stan i struktura 2025 tabela11
Kisielice,1975,2025,2025-06-30,GUS Ludnosc stan i struktura 2025 tabela11
Końskowola,1966,2025,2025-06-30,GUS Ludnosc stan i struktura 2025 tabela11
Sieniawa,1960,2025,2025-06-30,GUS Ludnosc stan i struktura 2025 tabela11
Krzanowice,1960,2025,2025-06-30,GUS Ludnosc stan i struktura 2025 tabela11
Frombork,1957,2025,2025-06-30,GUS Ludnosc stan i struktura 2025 tabela11
Świerzawa,1955,2025,2025-06-30,GUS Ludnosc stan i struktura 2025 tabela11
Kosów Lacki,1954,2025,2025-06-30,GUS Ludnosc stan i struktura 2025 tabela11
Szepietowo,1950,2025,2025-06-30,GUS Ludnosc stan i struktura 2025 tabela11
Osiek,1947,2025,2025-06-30,GUS Ludnosc stan i struktura 2025 tabela11
Narol,1934,2025,2025-06-30,GUS Ludnosc stan i struktura 2025 tabela11
Dobrzyń nad Wisłą,1924,2025,2025-06-30,GUS Ludnosc stan i struktura 2025 tabela11
Błaszki,1920,2025,2025-06-30,GUS Ludnosc stan i struktura 2025 tabela11
Łaszczów,1916,2025,2025-06-30,GUS Ludnosc stan i struktura 2025 tabela11
Dukla,1915,2025,2025-06-30,GUS Ludnosc stan i struktura 2025 tabela11
Grabów nad Prosną,1900,2025,2025-06-30,GUS Ludnosc stan i struktura 2025 tabela11
Ostrów Lubelski,1888,2025,2025-06-30,GUS Ludnosc stan i struktura 2025 tabela11
Sochocin,1880,2025,2025-06-30,GUS Ludnosc stan i struktura 2025 tabela11
Sępopol,1858,2025,2025-06-30,GUS Ludnosc stan i struktura 2025 tabela11
Ujazd,1839,2025,2025-06-30,GUS Ludnosc stan i struktura 2025 tabela11
Tykocin,1834,2025,2025-06-30,GUS Ludnosc stan i struktura 2025 tabela11
Jutrosin,1834,2025,2025-06-30,GUS Ludnosc stan i struktura 2025 tabela11
Przecław,1834,2025,2025-06-30,GUS Ludnosc stan i struktura 2025 tabela11
Dobre,1821,2025,2025-06-30,GUS Ludnosc stan i struktura 2025 tabela11
Koźminek,1820,2025,2025-06-30,GUS Ludnosc stan i struktura 2025 tabela11
Otyń,1816,2025,2025-06-30,GUS Ludnosc stan i struktura 2025 tabela11
Ostroróg,1812,2025,2025-06-30,GUS Ludnosc stan i struktura 2025 tabela11
Tyszowce,1799,2025,2025-06-30,GUS Ludnosc stan i struktura 2025 tabela11
Cieszanów,1774,2025,2025-06-30,GUS Ludnosc stan i struktura 2025 tabela11
Lubomierz,1760,2025,2025-06-30,GUS Ludnosc stan i struktura 2025 tabela11
Szadek,1752,2025,2025-06-30,GUS Ludnosc stan i struktura 2025 tabela11
Tuczno,1745,2025,2025-06-30,GUS Ludnosc stan i struktura 2025 tabela11
Nieszawa,1742,2025,2025-06-30,GUS Ludnosc stan i struktura 2025 tabela11
Radzyń Chełmiński,1741,2025,2025-06-30,GUS Ludnosc stan i struktura 2025 tabela11
Pilica,1731,2025,2025-06-30,GUS Ludnosc stan i struktura 2025 tabela11
Ińsko,1728,2025,2025-06-30,GUS Ludnosc stan i struktura 2025 tabela11
Drohiczyn,1724,2025,2025-06-30,GUS Ludnosc stan i struktura 2025 tabela11
Kamionka,1724,2025,2025-06-30,GUS Ludnosc stan i struktura 2025 tabela11
Klimontów,1714,2025,2025-06-30,GUS Ludnosc stan i struktura 2025 tabela11
Morawica,1711,2025,2025-06-30,GUS Ludnosc stan i struktura 2025 tabela11
Urzędów,1709,2025,2025-06-30,GUS Ludnosc stan i struktura 2025 tabela11
Sanniki,1701,2025,2025-06-30,GUS Ludnosc stan i struktura 2025 tabela11
Korfantów,1689,2025,2025-06-30,GUS Ludnosc stan i struktura 2025 tabela11
Brok,1688,2025,2025-06-30,GUS Ludnosc stan i struktura 2025 tabela11
Goniądz,1684,2025,2025-06-30,GUS Ludnosc stan i struktura 2025 tabela11
Chodecz,1670,2025,2025-06-30,GUS Ludnosc stan i struktura 2025 tabela11
Dąbie,1668,2025,2025-06-30,GUS Ludnosc stan i struktura 2025 tabela11
Bieżuń,1668,2025,2025-06-30,GUS Ludnosc stan i struktura 2025 tabela11
Jedwabne,1667,2025,2025-06-30,GUS Ludnosc stan i struktura 2025 tabela11
Mikstat,1659,2025,2025-06-30,GUS Ludnosc stan i struktura 2025 tabela11
Krzywiń,1656,2025,2025-06-30,GUS Ludnosc stan i struktura 2025 tabela11
Izbica,1647,2025,2025-06-30,GUS Ludnosc stan i struktura 2025 tabela11
Wielichowo,1639,2025,2025-06-30,GUS Ludnosc stan i struktura 2025 tabela11
Młynary,1634,2025,2025-06-30,GUS Ludnosc stan i struktura 2025 tabela11
Rozprza,1627,2025,2025-06-30,GUS Ludnosc stan i struktura 2025 tabela11
Moryń,1613,2025,2025-06-30,GUS Ludnosc stan i struktura 2025 tabela11
Nowe Brzesko,1593,2025,2025-06-30,GUS Ludnosc stan i struktura 2025 tabela11
Chocz,1592,2025,2025-06-30,GUS Ludnosc stan i struktura 2025 tabela11
Zawichost,1567,2025,2025-06-30,GUS Ludnosc stan i struktura 2025 tabela11
Zakliczyn,1563,2025,2025-06-30,GUS Ludnosc stan i struktura 2025 tabela11
Lutomiersk,1554,2025,2025-06-30,GUS Ludnosc stan i struktura 2025 tabela11
Mordy,1552,2025,2025-06-30,GUS Ludnosc stan i struktura 2025 tabela11
Wleń,1548,2025,2025-06-30,GUS Ludnosc stan i struktura 2025 tabela11
Dolsk,1529,2025,2025-06-30,GUS Ludnosc stan i struktura 2025 tabela11
Strzeleczki,1525,2025,2025-06-30,GUS Ludnosc stan i struktura 2025 tabela11
Piątek,1517,2025,2025-06-30,GUS Ludnosc stan i struktura 2025 tabela11
Nowe Miasto,1509,2025,2025-06-30,GUS Ludnosc stan i struktura 2025 tabela11
Łagów,1503,2025,2025-06-30,GUS Ludnosc stan i struktura 2025 tabela11
Iwonicz-Zdrój,1490,2025,2025-06-30,GUS Ludnosc stan i struktura 2025 tabela11
Przedecz,1476,2025,2025-06-30,GUS Ludnosc stan i struktura 2025 tabela11
Wiskitki,1474,2025,2025-06-30,GUS Ludnosc stan i struktura 2025 tabela11
Lubowidz,1471,2025,2025-06-30,GUS Ludnosc stan i struktura 2025 tabela11
Cedynia,1438,2025,2025-06-30,GUS Ludnosc stan i struktura 2025 tabela11
Łopuszno,1432,2025,2025-06-30,GUS Ludnosc stan i struktura 2025 tabela11
Maciejowice,1407,2025,2025-06-30,GUS Ludnosc stan i struktura 2025 tabela11
Gąsawa,1404,2025,2025-06-30,GUS Ludnosc stan i struktura 2025 tabela11
Modliborzyce,1397,2025,2025-06-30,GUS Ludnosc stan i struktura 2025 tabela11
Suchań,1389,2025,2025-06-30,GUS Ludnosc stan i struktura 2025 tabela11
Baranów Sandomiers,1386,2025,2025-06-30,GUS Ludnosc stan i struktura 2025 tabela11
Jaraczewo,1374,2025,2025-06-30,GUS Ludnosc stan i struktura 2025 tabela11
Kołaczyce,1351,2025,2025-06-30,GUS Ludnosc stan i struktura 2025 tabela11
Rajgród,1349,2025,2025-06-30,GUS Ludnosc stan i struktura 2025 tabela11
Stawiszyn,1349,2025,2025-06-30,GUS Ludnosc stan i struktura 2025 tabela11
Górzno,1336,2025,2025-06-30,GUS Ludnosc stan i struktura 2025 tabela11
Ulanów,1335,2025,2025-06-30,GUS Ludnosc stan i struktura 2025 tabela11
Latowicz,1330,2025,2025-06-30,GUS Ludnosc stan i struktura 2025 tabela11
Osjaków,1330,2025,2025-06-30,GUS Ludnosc stan i struktura 2025 tabela11
Rychtal,1326,2025,2025-06-30,GUS Ludnosc stan i struktura 2025 tabela11
Siedliszcze,1313,2025,2025-06-30,GUS Ludnosc stan i struktura 2025 tabela11
Frampol,1309,2025,2025-06-30,GUS Ludnosc stan i struktura 2025 tabela11
Lubień Kujawski,1296,2025,2025-06-30,GUS Ludnosc stan i struktura 2025 tabela11
Gowarczów,1290,2025,2025-06-30,GUS Ludnosc stan i struktura 2025 tabela11
Czemierniki,1288,2025,2025-06-30,GUS Ludnosc stan i struktura 2025 tabela11
Nowa Słupia,1265,2025,2025-06-30,GUS Ludnosc stan i struktura 2025 tabela11
Jeżów,1252,2025,2025-06-30,GUS Ludnosc stan i struktura 2025 tabela11
Szlichtyngowa,1223,2025,2025-06-30,GUS Ludnosc stan i struktura 2025 tabela11
Iwaniska,1200,2025,2025-06-30,GUS Ludnosc stan i struktura 2025 tabela11
Jastrząb,1184,2025,2025-06-30,GUS Ludnosc stan i struktura 2025 tabela11
Skalbmierz,1175,2025,2025-06-30,GUS Ludnosc stan i struktura 2025 tabela11
Pierzchnica,1173,2025,2025-06-30,GUS Ludnosc stan i struktura 2025 tabela11
Włodowice,1160,2025,2025-06-30,GUS Ludnosc stan i struktura 2025 tabela11
Jawornik Polski,1143,2025,2025-06-30,GUS Ludnosc stan i struktura 2025 tabela11
Krynica Morska,1143,2025,2025-06-30,GUS Ludnosc stan i struktura 2025 tabela11
Bobrowniki,1142,2025,2025-06-30,GUS Ludnosc stan i struktura 2025 tabela11
Bodzanów,1126,2025,2025-06-30,GUS Ludnosc stan i struktura 2025 tabela11
Osieck,1114,2025,2025-06-30,GUS Ludnosc stan i struktura 2025 tabela11
Żarnów,1102,2025,2025-06-30,GUS Ludnosc stan i struktura 2025 tabela11
Stopnica,1098,2025,2025-06-30,GUS Ludnosc stan i struktura 2025 tabela11
Białaczów,1098,2025,2025-06-30,GUS Ludnosc stan i struktura 2025 tabela11
Bogoria,1092,2025,2025-06-30,GUS Ludnosc stan i struktura 2025 tabela11
Przyrów,1085,2025,2025-06-30,GUS Ludnosc stan i struktura 2025 tabela11
Miasteczko Krajeńs,1060,2025,2025-06-30,GUS Ludnosc stan i struktura 2025 tabela11
Nowe Warpno,1037,2025,2025-06-30,GUS Ludnosc stan i struktura 2025 tabela11
Pacanów,1021,2025,2025-06-30,GUS Ludnosc stan i struktura 2025 tabela11
Grabów,1009,2025,2025-06-30,GUS Ludnosc stan i struktura 2025 tabela11
Kleszczele,999,2025,2025-06-30,GUS Ludnosc stan i struktura 2025 tabela11
Odrzywół,991,2025,2025-06-30,GUS Ludnosc stan i struktura 2025 tabela11
Sobków,989,2025,2025-06-30,GUS Ludnosc stan i struktura 2025 tabela11
Czerwińsk nad Wisł,976,2025,2025-06-30,GUS Ludnosc stan i struktura 2025 tabela11
Magnuszew,973,2025,2025-06-30,GUS Ludnosc stan i struktura 2025 tabela11
Bircza,973,2025,2025-06-30,GUS Ludnosc stan i struktura 2025 tabela11
Suraż,949,2025,2025-06-30,GUS Ludnosc stan i struktura 2025 tabela11
Sienno,948,2025,2025-06-30,GUS Ludnosc stan i struktura 2025 tabela11
Szydłów,944,2025,2025-06-30,GUS Ludnosc stan i struktura 2025 tabela11
Dąbrowice,940,2025,2025-06-30,GUS Ludnosc stan i struktura 2025 tabela11
Parzęczew,926,2025,2025-06-30,GUS Ludnosc stan i struktura 2025 tabela11
Wodzisław,908,2025,2025-06-30,GUS Ludnosc stan i struktura 2025 tabela11
Przytyk,902,2025,2025-06-30,GUS Ludnosc stan i struktura 2025 tabela11
Jadów,897,2025,2025-06-30,GUS Ludnosc stan i struktura 2025 tabela11
Solec nad Wisłą,894,2025,2025-06-30,GUS Ludnosc stan i struktura 2025 tabela11
Bolimów,889,2025,2025-06-30,GUS Ludnosc stan i struktura 2025 tabela11
Wąwolnica,882,2025,2025-06-30,GUS Ludnosc stan i struktura 2025 tabela11
Goraj,879,2025,2025-06-30,GUS Ludnosc stan i struktura 2025 tabela11
Nowy Korczyn,876,2025,2025-06-30,GUS Ludnosc stan i struktura 2025 tabela11
Wyśmierzyce,861,2025,2025-06-30,GUS Ludnosc stan i struktura 2025 tabela11
Książ Wielki,841,2025,2025-06-30,GUS Ludnosc stan i struktura 2025 tabela11
Brody,835,2025,2025-06-30,GUS Ludnosc stan i struktura 2025 tabela11
Działoszyce,822,2025,2025-06-30,GUS Ludnosc stan i struktura 2025 tabela11
Głowaczów,800,2025,2025-06-30,GUS Ludnosc stan i struktura 2025 tabela11
Turobin,797,2025,2025-06-30,GUS Ludnosc stan i struktura 2025 tabela11
Kiernozia,790,2025,2025-06-30,GUS Ludnosc stan i struktura 2025 tabela11
Józefów nad Wisłą,776,2025,2025-06-30,GUS Ludnosc stan i struktura 2025 tabela11
Dubiecko,774,2025,2025-06-30,GUS Ludnosc stan i struktura 2025 tabela11
Gielniów,767,2025,2025-06-30,GUS Ludnosc stan i struktura 2025 tabela11
Inowłódz,766,2025,2025-06-30,GUS Ludnosc stan i struktura 2025 tabela11
Koszyce,764,2025,2025-06-30,GUS Ludnosc stan i struktura 2025 tabela11
Ciepielów,706,2025,2025-06-30,GUS Ludnosc stan i struktura 2025 tabela11
Wiślica,446,2025,2025-06-30,GUS Ludnosc stan i struktura 2025 tabela11
Kazanów,396,2025,2025-06-30,GUS Ludnosc stan i struktura 2025 tabela11
Opatowiec,306,2025,2025-06-30,GUS Ludnosc stan i struktura 2025 tabela11
